ID,Month,DayofMonth,DayOfWeek,FlightNum,TailNum,ActualElapsedTime,CRSElapsedTime,AirTime,TotalDelay,Origin,Dest,Distance,TaxiIn,TaxiOut,CarrierDelay,WeatherDelay,NASDelay,SecurityDelay,LateAircraftDelay
1,1,3,4,335,N712SW,128,150,116,-6,IAD,TPA,810,4,8,,,,,
2,1,3,4,3231,N772SW,128,145,113,21,IAD,TPA,810,5,10,,,,,
3,1,3,4,448,N428WN,96,90,76,22,IND,BWI,515,3,17,,,,,
4,1,3,4,3920,N464WN,90,90,77,68,IND,BWI,515,3,10,2,0,0,0,32
5,1,3,4,378,N726SW,101,115,87,36,IND,JAX,688,4,10,,,,,
6,1,3,4,509,N763SW,240,250,230,124,IND,LAS,1591,3,7,10,0,0,0,47
7,1,3,4,100,N690SW,130,135,106,7,IND,MCO,828,5,19,,,,,
8,1,3,4,1333,N334SW,121,135,107,174,IND,MCO,828,6,8,8,0,0,0,72
9,1,3,4,2272,N263WN,52,50,37,20,IND,MDW,162,6,9,,,,,
10,1,3,4,675,N286WN,228,240,213,42,IND,PHX,1489,7,8,3,0,0,0,12
11,1,3,4,1144,N778SW,226,250,205,-6,IND,PHX,1489,5,16,,,,,
12,1,3,4,4,N674AA,123,135,110,44,IND,TPA,838,4,9,0,0,0,0,16
13,1,3,4,54,N643SW,56,70,49,88,ISP,BWI,220,2,5,12,0,0,0,25
14,1,3,4,623,N724SW,57,70,47,51,ISP,BWI,220,5,5,7,0,0,0,12
15,1,3,4,717,N786SW,56,70,49,26,ISP,BWI,220,2,5,,,,,
16,1,3,4,1244,N714CB,54,70,47,2,ISP,BWI,220,2,5,,,,,
17,1,3,4,2553,N394SW,59,70,50,39,ISP,BWI,220,2,7,,,,,
18,1,3,4,188,N215WN,155,195,143,134,ISP,FLL,1093,6,6,40,0,0,0,7
19,1,3,4,1754,N243WN,165,190,155,33,ISP,FLL,1093,3,7,,,,,
20,1,3,4,362,N798SW,147,165,134,146,ISP,MCO,972,6,7,5,0,0,0,59
21,1,3,4,1397,N247WN,154,170,140,8,ISP,MCO,972,7,7,,,,,
22,1,3,4,3398,N707SA,146,170,134,14,ISP,MCO,972,6,6,,,,,
23,1,3,4,3480,N443WN,145,170,134,53,ISP,MCO,972,5,6,,,,,
24,1,3,4,422,N779SW,135,145,118,154,ISP,MDW,765,6,11,3,0,0,0,69
25,1,3,4,1837,N704SW,128,145,114,27,ISP,MDW,765,9,5,,,,,
26,1,3,4,2871,N709SW,127,145,113,40,ISP,MDW,765,8,6,,,,,
27,1,3,4,1056,N459WN,153,180,143,85,ISP,PBI,1052,5,5,0,0,0,0,29
28,1,3,4,2175,N621SW,150,185,138,13,ISP,PBI,1052,4,8,,,,,
29,1,3,4,3319,N206WN,152,180,140,-16,ISP,PBI,1052,4,8,,,,,
30,1,3,4,3667,N280WN,163,195,151,-20,ISP,RSW,1101,3,9,,,,,
31,1,3,4,2006,N241WN,155,180,143,1,ISP,TPA,1034,4,8,,,,,
32,1,3,4,3858,N200WN,154,180,144,10,ISP,TPA,1034,4,6,,,,,
33,1,3,4,3244,N475WN,136,130,121,36,JAN,BWI,888,7,8,0,0,6,0,15
34,1,3,4,186,N792SW,69,80,59,619,JAN,HOU,359,3,7,282,0,0,0,22
35,1,3,4,3154,N252WN,70,80,60,80,JAN,HOU,359,3,7,26,0,0,0,9
36,1,3,4,1035,N346SW,96,100,81,102,JAN,MCO,587,8,7,7,0,0,0,42
37,1,3,4,205,N299WN,143,115,97,48,JAN,MDW,666,40,6,1,0,28,0,9
38,1,3,4,3430,N487WN,71,75,59,42,JAX,BHM,365,3,9,0,0,0,0,19
39,1,3,4,1580,N243WN,99,95,77,56,JAX,BNA,484,6,16,26,0,4,0,0
40,1,3,4,2195,N479WN,86,90,72,56,JAX,BNA,484,5,9,0,0,0,10,16
41,1,3,4,378,N726SW,65,70,54,13,JAX,FLL,318,3,8,,,,,
42,1,3,4,3948,N467WN,63,70,49,9,JAX,FLL,318,6,8,,,,,
43,1,3,4,54,N643SW,143,150,125,69,JAX,HOU,816,6,12,11,0,0,0,20
44,1,3,4,2272,N263WN,119,125,104,18,JAX,IND,688,7,8,,,,,
45,1,3,4,23,N521SW,127,135,113,80,JAX,PHL,742,4,10,3,0,0,0,33
46,1,3,4,1232,N663SW,134,135,120,23,JAX,PHL,742,5,9,,,,,
47,1,3,4,977,N376SW,52,50,39,18,JAX,TPA,180,4,9,,,,,
48,1,3,4,1574,N791SW,54,50,36,120,JAX,TPA,180,4,14,0,0,4,0,58
49,1,3,4,2019,N392SW,51,55,38,14,JAX,TPA,180,4,9,,,,,
50,1,3,4,500,N799SW,75,85,60,96,LAS,ABQ,487,4,11,15,0,0,0,28
51,1,3,4,890,N618WN,74,80,60,160,LAS,ABQ,487,4,10,7,0,0,0,70
52,1,3,4,1171,N682SW,83,90,65,107,LAS,ABQ,487,3,15,50,0,0,0,0
53,1,3,4,1925,N509SW,79,85,60,22,LAS,ABQ,487,4,15,,,,,
54,1,3,4,302,N473WN,256,275,243,175,LAS,ALB,2237,3,10,8,0,0,0,70
55,1,3,4,1079,N351SW,124,120,91,72,LAS,AMA,758,5,28,3,0,4,0,31
56,1,3,4,155,N238WN,148,160,131,20,LAS,AUS,1090,3,14,,,,,
57,1,3,4,2021,N499WN,146,155,127,117,LAS,AUS,1090,5,14,23,0,0,0,31
58,1,3,4,3222,N309SW,149,160,135,19,LAS,AUS,1090,4,10,,,,,
59,1,3,4,1018,N245WN,275,285,253,108,LAS,BDL,2298,9,13,19,0,0,0,30
60,1,3,4,419,N275WN,196,210,178,76,LAS,BNA,1588,6,12,2,0,0,0,29
61,1,3,4,2032,N271WN,204,210,183,46,LAS,BNA,1588,6,15,18,0,0,0,2
62,1,3,4,3940,N434WN,196,205,177,129,LAS,BNA,1588,5,14,0,0,22,0,38
63,1,3,4,538,N619SW,98,110,73,60,LAS,BOI,520,3,22,9,0,0,0,15
64,1,3,4,2383,N290WN,233,250,221,121,LAS,BUF,1987,2,10,48,0,0,0,4
65,1,3,4,219,N383SW,66,60,46,132,LAS,BUR,223,3,17,17,0,6,0,46
66,1,3,4,391,N608SW,58,60,46,74,LAS,BUR,223,2,10,20,0,0,0,16
67,1,3,4,815,N626SW,64,60,48,106,LAS,BUR,223,3,13,4,0,4,0,47
68,1,3,4,1072,N369SW,59,60,43,421,LAS,BUR,223,3,13,114,0,0,0,96
69,1,3,4,1328,N396SW,64,65,50,27,LAS,BUR,223,2,12,,,,,
70,1,3,4,1586,N293,57,65,46,12,LAS,BUR,223,2,9,,,,,
71,1,3,4,1838,N509SW,60,65,47,27,LAS,BUR,223,2,11,,,,,
72,1,3,4,2284,N409WN,66,70,46,108,LAS,BUR,223,2,18,1,0,0,0,51
73,1,3,4,2874,N695SW,73,65,47,26,LAS,BUR,223,2,24,9,0,8,0,0
74,1,3,4,1774,N220WN,260,265,244,41,LAS,BWI,2106,6,10,18,0,0,0,0
75,1,3,4,2632,N784SW,245,260,230,79,LAS,BWI,2106,5,10,7,0,0,0,25
76,1,3,4,818,N244WN,242,240,213,24,LAS,CLE,1825,8,21,,,,,
77,1,3,4,564,N455WN,212,230,195,120,LAS,CMH,1772,2,15,10,0,0,0,41
78,1,3,4,991,N297WN,235,230,201,25,LAS,CMH,1772,6,28,10,0,5,0,0
79,1,3,4,157,N481WN,101,110,79,25,LAS,DEN,629,9,13,,,,,
80,1,3,4,632,N203WN,96,110,77,140,LAS,DEN,629,6,13,0,0,7,0,56
81,1,3,4,706,N491WN,110,115,88,229,LAS,DEN,629,8,14,0,0,0,0,112
82,1,3,4,908,N480WN,96,110,78,46,LAS,DEN,629,6,12,7,0,0,0,9
83,1,3,4,1582,N318SW,101,115,85,14,LAS,DEN,629,7,9,,,,,
84,1,3,4,2907,N647SW,109,120,80,43,LAS,DEN,629,8,21,2,0,0,0,14
85,1,3,4,2192,N313SW,92,95,78,67,LAS,ELP,584,2,12,10,0,0,0,22
86,1,3,4,2280,N352SW,91,100,73,9,LAS,ELP,584,3,15,,,,,
87,1,3,4,1636,N321SW,128,155,116,27,LAS,GEG,806,3,9,,,,,
88,1,3,4,2803,N660SW,135,150,116,115,LAS,GEG,806,4,15,50,0,0,0,0
89,1,3,4,719,N414WN,159,175,143,82,LAS,HOU,1235,3,13,12,0,0,0,21
90,1,3,4,1776,N408WN,174,180,147,14,LAS,HOU,1235,3,24,,,,,
91,1,3,4,3244,N475WN,158,175,146,1,LAS,HOU,1235,3,9,,,,,
92,1,3,4,3746,N321SW,163,165,150,80,LAS,HOU,1235,4,9,17,0,0,0,22
93,1,3,4,1027,N230WN,252,260,232,52,LAS,IAD,2066,7,13,6,0,0,0,16
94,1,3,4,1924,N761RR,194,215,176,529,LAS,IND,1591,9,9,0,0,0,8,246
95,1,3,4,3920,N464WN,208,215,179,71,LAS,IND,1591,8,21,32,0,0,0,0
96,1,3,4,3144,N272WN,295,285,269,114,LAS,ISP,2283,4,22,13,0,10,0,39
97,1,3,4,82,N499WN,60,65,42,41,LAS,LAX,236,6,12,0,0,0,12,6
98,1,3,4,135,N244WN,59,65,40,28,LAS,LAX,236,7,12,,,,,
99,1,3,4,317,N335SW,73,65,41,60,LAS,LAX,236,16,16,18,0,8,0,8
100,1,3,4,337,N488WN,61,60,42,33,LAS,LAX,236,7,12,16,0,1,0,0
101,1,3,4,354,N496WN,68,65,41,125,LAS,LAX,236,9,18,61,0,3,0,0
102,1,3,4,1061,N422WN,68,65,47,33,LAS,LAX,236,5,16,10,0,3,0,5
103,1,3,4,1928,N792SW,72,70,43,58,LAS,LAX,236,7,22,0,0,2,0,28
104,1,3,4,2367,N352SW,82,70,45,96,LAS,LAX,236,7,30,15,0,12,0,27
105,1,3,4,2896,N335SW,65,65,44,76,LAS,LAX,236,11,10,13,0,0,0,25
106,1,3,4,2382,N404WN,114,120,90,88,LAS,LBB,775,4,20,25,0,0,0,16
107,1,3,4,565,N787SA,164,175,148,7,LAS,LIT,1295,4,12,,,,,
108,1,3,4,43,N617SW,117,120,95,57,LAS,MAF,796,2,20,27,0,0,0,0
109,1,3,4,213,N302SW,175,170,139,37,LAS,MCI,1140,4,32,1,0,5,0,15
110,1,3,4,411,N763SW,156,165,131,137,LAS,MCI,1140,7,18,14,0,0,0,50
111,1,3,4,1004,N676SW,143,165,130,94,LAS,MCI,1140,5,8,4,0,0,0,32
112,1,3,4,1405,N775SW,157,170,130,131,LAS,MCI,1140,4,23,59,0,0,0,0
113,1,3,4,3068,N449WN,158,170,136,34,LAS,MCI,1140,5,17,,,,,
114,1,3,4,380,N444WN,254,265,234,27,LAS,MCO,2039,6,14,,,,,
115,1,3,4,74,N764SW,256,210,177,58,LAS,MDW,1521,62,17,6,0,46,0,0
116,1,3,4,396,N407WN,197,210,177,5,LAS,MDW,1521,8,12,,,,,
117,1,3,4,693,N232WN,219,215,175,56,LAS,MDW,1521,23,21,0,0,4,0,26
118,1,3,4,823,N725SW,200,205,181,33,LAS,MDW,1521,6,13,,,,,
119,1,3,4,1865,N745SW,186,210,169,-8,LAS,MDW,1521,6,11,,,,,
120,1,3,4,2025,N740SW,192,200,171,60,LAS,MDW,1521,8,13,4,0,0,0,22
121,1,3,4,2450,N405WN,187,200,168,167,LAS,MDW,1521,8,11,13,0,0,0,64
122,1,3,4,2794,N468WN,185,200,171,159,LAS,MDW,1521,7,7,60,0,0,0,12
123,1,3,4,3232,N201LV,193,215,177,66,LAS,MDW,1521,6,10,4,0,0,0,18
124,1,3,4,767,N222WN,270,290,257,16,LAS,MHT,2356,4,9,,,,,
125,1,3,4,3327,N282WN,182,195,166,63,LAS,MSY,1501,4,12,3,0,0,0,22
126,1,3,4,127,N784SW,91,95,74,14,LAS,OAK,407,4,13,,,,,
127,1,3,4,223,N223WN,86,95,72,239,LAS,OAK,407,5,9,21,0,0,0,94
128,1,3,4,237,N281WN,94,100,76,86,LAS,OAK,407,3,15,2,0,0,0,38
129,1,3,4,280,N460WN,100,90,78,96,LAS,OAK,407,4,18,14,0,10,0,29
130,1,3,4,900,N679AA,92,90,78,104,LAS,OAK,407,4,10,11,0,2,0,40
131,1,3,4,962,N378SW,113,90,77,163,LAS,OAK,407,28,8,45,0,23,0,25
132,1,3,4,1011,N248WN,95,95,79,26,LAS,OAK,407,4,12,,,,,
133,1,3,4,1258,N774SW,91,90,71,21,LAS,OAK,407,3,17,,,,,
134,1,3,4,3135,N695SW,94,90,81,34,LAS,OAK,407,3,10,15,0,4,0,0
135,1,3,4,86,N627SW,144,140,116,18,LAS,OKC,987,4,24,,,,,
136,1,3,4,479,N622SW,144,160,132,144,LAS,OMA,1099,3,9,38,0,0,0,26
137,1,3,4,875,N217JC,137,155,125,160,LAS,OMA,1099,2,10,32,0,0,0,39
138,1,3,4,725,N259WN,46,55,34,51,LAS,ONT,197,4,8,3,0,0,0,18
139,1,3,4,906,N301SW,50,55,36,59,LAS,ONT,197,3,11,27,0,0,0,0
140,1,3,4,1493,N356SW,50,50,36,116,LAS,ONT,197,5,9,0,0,20,0,38
141,1,3,4,1670,N742SW,47,55,34,24,LAS,ONT,197,5,8,,,,,
142,1,3,4,2018,N313SW,61,55,36,36,LAS,ONT,197,4,21,0,0,6,0,15
143,1,3,4,2730,N273WN,52,55,32,73,LAS,ONT,197,3,17,0,0,0,0,35
144,1,3,4,3070,N660SW,51,55,37,52,LAS,ONT,197,4,10,4,0,0,0,20
145,1,3,4,156,N466WN,251,270,237,105,LAS,ORF,2155,4,10,13,0,0,0,30
146,1,3,4,700,N678AA,126,140,112,28,LAS,PDX,762,4,10,,,,,
147,1,3,4,2354,N258WN,141,145,106,62,LAS,PDX,762,22,13,24,0,0,0,5
148,1,3,4,2550,N608SW,129,140,112,97,LAS,PDX,762,3,14,12,0,0,0,31
149,1,3,4,1285,N435WN,269,290,245,63,LAS,PHL,2176,5,19,18,0,0,0,3
150,1,3,4,1843,N484WN,261,285,244,16,LAS,PHL,2176,4,13,,,,,
151,1,3,4,243,N228WN,80,70,49,24,LAS,PHX,256,7,24,0,0,10,0,7
152,1,3,4,287,N747SA,66,70,50,10,LAS,PHX,256,5,11,,,,,
153,1,3,4,504,N338SW,59,65,47,8,LAS,PHX,256,4,8,,,,,
154,1,3,4,559,N603SW,64,70,49,48,LAS,PHX,256,5,10,2,0,0,0,19
155,1,3,4,668,N221WN,62,65,48,171,LAS,PHX,256,4,10,6,0,0,0,78
156,1,3,4,781,N378SW,69,65,46,52,LAS,PHX,256,8,15,9,0,4,0,15
157,1,3,4,1403,N258WN,57,60,43,89,LAS,PHX,256,5,9,2,0,0,0,41
158,1,3,4,1682,N281WN,54,60,40,114,LAS,PHX,256,3,11,2,0,0,0,52
159,1,3,4,2726,N777QC,64,65,46,61,LAS,PHX,256,5,13,16,0,0,0,14
160,1,3,4,2991,N752SW,55,65,43,140,LAS,PHX,256,4,8,48,0,0,0,17
161,1,3,4,3517,N487WN,68,75,49,47,LAS,PHX,256,5,14,2,0,0,0,18
162,1,3,4,3598,N790SW,63,65,44,20,LAS,PHX,256,5,14,,,,,
163,1,3,4,512,N794SW,229,245,210,64,LAS,PIT,1910,6,13,10,0,0,0,14
164,1,3,4,594,N715SW,244,245,218,23,LAS,PIT,1910,7,19,,,,,
165,1,3,4,416,N401WN,293,290,266,63,LAS,PVD,2363,4,23,6,0,3,0,24
166,1,3,4,170,N448WN,256,260,231,28,LAS,RDU,2027,6,19,,,,,
167,1,3,4,1509,N403WN,237,260,222,95,LAS,RDU,2027,2,13,27,0,0,0,9
168,1,3,4,239,N267WN,74,85,60,81,LAS,RNO,345,4,10,11,0,0,0,24
169,1,3,4,298,N450WN,66,80,54,52,LAS,RNO,345,4,8,9,0,0,0,10
170,1,3,4,675,N286WN,84,80,57,26,LAS,RNO,345,14,13,0,0,4,0,11
171,1,3,4,709,N428WN,83,80,55,61,LAS,RNO,345,7,21,26,0,3,0,3
172,1,3,4,891,N400WN,76,75,61,67,LAS,RNO,345,3,12,8,0,1,0,25
173,1,3,4,1341,N442WN,79,75,57,34,LAS,RNO,345,4,18,6,0,4,0,9
174,1,3,4,2273,N286WN,74,75,56,113,LAS,RNO,345,4,14,0,0,0,0,56
175,1,3,4,2719,N466WN,70,85,54,65,LAS,RNO,345,4,12,0,0,1,0,24
176,1,3,4,3430,N487WN,84,80,57,40,LAS,RNO,345,4,23,8,0,4,0,10
177,1,3,4,3835,N610WN,72,80,56,42,LAS,RNO,345,4,12,9,0,0,0,8
178,1,3,4,341,N315SW,67,65,51,38,LAS,SAN,258,2,14,8,0,2,0,10
179,1,3,4,708,N692SW,60,60,45,100,LAS,SAN,258,3,12,21,0,0,0,29
180,1,3,4,715,N902WN,68,70,46,34,LAS,SAN,258,4,18,4,0,0,0,12
181,1,3,4,1037,N734SA,59,65,46,6,LAS,SAN,258,2,11,,,,,
182,1,3,4,1254,N490WN,61,60,44,21,LAS,SAN,258,4,13,,,,,
183,1,3,4,2186,N692SW,66,60,44,124,LAS,SAN,258,4,18,5,0,6,0,54
184,1,3,4,2211,N646SW,60,60,49,84,LAS,SAN,258,3,8,17,0,0,0,25
185,1,3,4,2357,N414WN,61,65,48,72,LAS,SAN,258,3,10,9,0,0,0,25
186,1,3,4,2363,N405WN,74,60,47,130,LAS,SAN,258,3,24,0,0,19,0,53
187,1,3,4,2449,N454WN,58,60,45,104,LAS,SAN,258,3,10,12,0,0,0,39
188,1,3,4,3423,N298WN,67,65,50,18,LAS,SAN,258,3,14,,,,,
189,1,3,4,120,N277WN,144,155,126,11,LAS,SAT,1069,4,14,,,,,
190,1,3,4,802,N902WN,134,150,122,78,LAS,SAT,1069,2,10,23,0,0,0,8
191,1,3,4,2113,N350SW,140,150,127,8,LAS,SAT,1069,4,9,,,,,
192,1,3,4,495,N768SW,219,215,192,46,LAS,SDF,1624,9,18,18,0,4,0,3
193,1,3,4,340,N634SW,145,165,129,18,LAS,SEA,866,7,9,,,,,
194,1,3,4,563,N285WN,144,160,129,8,LAS,SEA,866,5,10,,,,,
195,1,3,4,2465,N431WN,133,160,119,27,LAS,SEA,866,7,7,,,,,
196,1,3,4,488,N615SW,99,95,75,66,LAS,SFO,414,3,21,0,0,22,0,13
197,1,3,4,619,N491WN,99,95,76,122,LAS,SFO,414,3,20,0,0,54,0,9
198,1,3,4,2005,N302SW,162,95,73,469,LAS,SFO,414,4,85,192,0,67,0,9
199,1,3,4,2788,N602SW,103,95,88,168,LAS,SFO,414,4,11,0,0,63,0,25
200,1,3,4,3061,N447WN,118,95,98,255,LAS,SFO,414,4,16,0,0,131,0,8
201,1,3,4,3575,N492WN,88,95,72,359,LAS,SFO,414,4,12,0,0,176,0,0
202,1,3,4,12,N361SW,85,85,71,64,LAS,SJC,386,4,10,4,0,0,0,28
203,1,3,4,400,N429WN,87,80,70,71,LAS,SJC,386,4,13,2,0,7,0,30
204,1,3,4,774,N437WN,87,80,69,75,LAS,SJC,386,8,10,34,0,7,0,0
205,1,3,4,783,N306SW,94,85,68,99,LAS,SJC,386,5,21,10,0,9,0,35
206,1,3,4,3844,N446WN,83,85,66,76,LAS,SJC,386,5,12,9,0,0,0,28
207,1,3,4,161,N455WN,89,80,54,87,LAS,SLC,368,6,29,39,0,9,0,0
208,1,3,4,415,N395SW,70,75,58,233,LAS,SLC,368,2,10,25,0,0,0,89
209,1,3,4,643,N756SA,73,80,55,91,LAS,SLC,368,4,14,3,0,0,0,39
210,1,3,4,1166,N351SW,75,75,58,46,LAS,SLC,368,3,14,4,0,0,0,19
211,1,3,4,1585,N766SW,83,85,62,152,LAS,SLC,368,4,17,0,0,6,0,69
212,1,3,4,1660,N613SW,68,80,55,36,LAS,SLC,368,2,11,,,,,
213,1,3,4,2533,N385SW,72,75,55,121,LAS,SLC,368,4,13,0,0,10,0,49
214,1,3,4,94,N715SW,81,85,66,74,LAS,SMF,397,5,10,25,0,0,0,10
215,1,3,4,584,N324SW,90,90,74,38,LAS,SMF,397,6,10,19,0,0,0,0
216,1,3,4,641,N626SW,85,85,67,102,LAS,SMF,397,6,12,9,0,0,0,42
217,1,3,4,2121,N632SW,90,90,68,22,LAS,SMF,397,4,18,,,,,
218,1,3,4,2622,N445WN,88,95,66,31,LAS,SMF,397,5,17,,,,,
219,1,3,4,3053,N418WN,81,90,68,15,LAS,SMF,397,4,9,,,,,
220,1,3,4,3862,N640SW,81,85,64,26,LAS,SMF,397,4,13,,,,,
221,1,3,4,433,N264LV,57,65,40,106,LAS,SNA,226,7,10,16,0,0,0,33
222,1,3,4,1016,N765SW,59,60,45,149,LAS,SNA,226,5,9,9,0,0,0,65
223,1,3,4,773,N472WN,178,190,151,94,LAS,STL,1372,3,24,2,0,0,0,39
224,1,3,4,1050,N212WN,171,190,150,37,LAS,STL,1372,4,17,,,,,
225,1,3,4,1583,N600WN,169,180,157,79,LAS,STL,1372,3,9,22,0,0,0,12
226,1,3,4,3403,N737JW,232,250,217,92,LAS,TPA,1984,5,10,29,0,0,0,8
227,1,3,4,574,N314SW,158,150,126,144,LAS,TUL,1076,3,29,0,0,14,0,62
228,1,3,4,486,N264LV,66,75,53,103,LAS,TUS,365,4,9,5,0,0,0,42
229,1,3,4,637,N342SW,71,75,56,108,LAS,TUS,365,4,11,24,0,0,0,28
230,1,3,4,1918,N267WN,75,75,55,42,LAS,TUS,365,3,17,8,0,0,0,13
231,1,3,4,3142,N446WN,65,70,53,71,LAS,TUS,365,4,8,8,0,0,0,25
232,1,3,4,3572,N489WN,75,75,54,56,LAS,TUS,365,3,18,0,0,0,0,28
233,1,3,4,230,N364SW,95,105,81,40,LAX,ABQ,677,4,10,0,0,4,0,11
234,1,3,4,361,N690SW,97,105,82,72,LAX,ABQ,677,6,9,0,0,11,0,21
235,1,3,4,397,N424WN,103,105,80,24,LAX,ABQ,677,18,5,,,,,
236,1,3,4,304,N326SW,160,170,148,8,LAX,AUS,1242,5,7,,,,,
237,1,3,4,1107,N708SA,215,225,203,94,LAX,BNA,1797,4,8,0,0,18,0,24
238,1,3,4,1324,N249WN,215,225,200,54,LAX,BNA,1797,4,11,10,0,0,0,12
239,1,3,4,330,N236WN,99,115,86,4,LAX,ELP,714,3,10,,,,,
240,1,3,4,1671,N684WN,96,110,85,206,LAX,ELP,714,3,8,5,0,0,0,91
241,1,3,4,2635,N335SW,105,110,88,35,LAX,ELP,714,3,14,7,0,0,0,8
242,1,3,4,528,N496WN,169,180,157,143,LAX,HOU,1390,4,8,11,0,0,0,55
243,1,3,4,3394,N667SW,169,180,159,79,LAX,HOU,1390,3,7,6,0,0,0,28
244,1,3,4,416,N401WN,53,65,41,60,LAX,LAS,236,4,8,18,0,0,0,6
245,1,3,4,479,N622SW,68,65,47,63,LAX,LAS,236,3,18,16,0,3,0,14
246,1,3,4,495,N768SW,56,65,41,15,LAX,LAS,236,8,7,,,,,
247,1,3,4,574,N314SW,100,65,44,89,LAX,LAS,236,4,52,13,0,35,0,14
248,1,3,4,1004,N676SW,56,60,42,106,LAX,LAS,236,6,8,0,0,4,0,47
249,1,3,4,1079,N351SW,84,65,43,43,LAX,LAS,236,22,19,11,0,19,0,1
250,1,3,4,2021,N499WN,76,65,42,61,LAX,LAS,236,25,9,7,0,11,0,18
251,1,3,4,2202,N758SW,63,65,41,16,LAX,LAS,236,4,18,,,,,
252,1,3,4,2454,N352SW,58,65,47,107,LAX,LAS,236,3,8,3,0,0,0,47
253,1,3,4,2809,N335SW,55,60,43,55,LAX,LAS,236,4,8,0,0,0,0,25
254,1,3,4,3144,N272WN,56,65,42,87,LAX,LAS,236,5,9,11,0,0,0,28
255,1,3,4,321,N742SW,168,195,154,27,LAX,MCI,1363,5,9,,,,,
256,1,3,4,1668,N262WN,164,195,156,3,LAX,MCI,1363,3,5,,,,,
257,1,3,4,2208,N632SW,174,190,159,90,LAX,MCI,1363,6,9,17,0,0,0,20
258,1,3,4,108,N550WN,209,230,192,75,LAX,MDW,1750,7,10,5,0,0,0,22
259,1,3,4,245,N730SW,210,235,201,5,LAX,MDW,1750,4,5,,,,,
260,1,3,4,771,N486WN,277,235,202,58,LAX,MDW,1750,64,11,0,0,42,0,8
261,1,3,4,1014,N494WN,229,235,201,26,LAX,MDW,1750,21,7,,,,,
262,1,3,4,3588,N732SW,210,235,195,47,LAX,MDW,1750,6,9,,,,,
263,1,3,4,184,N473WN,72,75,62,57,LAX,OAK,337,3,7,0,0,0,0,27
264,1,3,4,303,N683SW,83,75,66,136,LAX,OAK,337,4,13,0,0,13,0,59
265,1,3,4,418,N631SW,111,75,63,82,LAX,OAK,337,4,44,0,0,36,0,23
266,1,3,4,420,N268WN,75,75,65,38,LAX,OAK,337,4,6,12,0,0,0,7
267,1,3,4,430,N752SW,76,75,65,45,LAX,OAK,337,5,6,7,0,1,0,15
268,1,3,4,440,N720WN,90,75,67,81,LAX,OAK,337,5,18,6,0,15,0,27
269,1,3,4,724,N342SW,78,75,65,95,LAX,OAK,337,4,9,0,0,3,0,46
270,1,3,4,810,N648SW,77,75,64,64,LAX,OAK,337,4,9,0,0,2,0,31
271,1,3,4,829,N476WN,78,75,63,57,LAX,OAK,337,4,11,0,0,3,0,27
272,1,3,4,1026,N224WN,75,75,64,68,LAX,OAK,337,6,5,0,0,0,0,34
273,1,3,4,1032,N489WN,77,75,64,42,LAX,OAK,337,5,8,0,0,2,0,20
274,1,3,4,1061,N422WN,74,75,63,43,LAX,OAK,337,4,7,4,0,0,0,17
275,1,3,4,1135,N304SW,83,75,71,228,LAX,OAK,337,4,8,0,0,8,3,107
276,1,3,4,1168,N361SW,90,75,70,61,LAX,OAK,337,13,7,0,0,15,0,23
277,1,3,4,1414,N402WN,88,75,67,29,LAX,OAK,337,5,16,5,0,13,0,3
278,1,3,4,2639,N693SW,73,75,62,14,LAX,OAK,337,3,8,,,,,
279,1,3,4,3655,N465WN,82,75,63,19,LAX,OAK,337,4,15,,,,,
280,1,3,4,90,N609SW,70,75,56,13,LAX,PHX,370,5,9,,,,,
281,1,3,4,109,N269WN,65,75,52,82,LAX,PHX,370,6,7,5,0,0,0,31
282,1,3,4,314,N229WN,68,75,59,35,LAX,PHX,370,3,6,,,,,
283,1,3,4,386,N718SW,65,70,56,145,LAX,PHX,370,4,5,0,0,0,0,70
284,1,3,4,463,N342SW,63,75,53,16,LAX,PHX,370,3,7,,,,,
285,1,3,4,520,N283WN,62,70,53,64,LAX,PHX,370,3,6,5,0,0,0,23
286,1,3,4,746,N637SW,68,75,52,145,LAX,PHX,370,4,12,69,0,0,0,0
287,1,3,4,1058,N202WN,61,75,50,56,LAX,PHX,370,4,7,15,0,0,0,6
288,1,3,4,1155,N288WN,69,75,52,34,LAX,PHX,370,6,11,,,,,
289,1,3,4,2015,N792SW,65,75,53,78,LAX,PHX,370,3,9,11,0,0,0,23
290,1,3,4,225,N283WN,70,75,58,31,LAX,RNO,390,4,8,,,,,
291,1,3,4,1844,N313SW,67,80,56,3,LAX,RNO,390,5,6,,,,,
292,1,3,4,2360,N618WN,70,80,60,34,LAX,RNO,390,3,7,,,,,
293,1,3,4,2624,N693SW,156,165,141,9,LAX,SAT,1210,3,12,,,,,
294,1,3,4,593,N901WN,77,80,65,409,LAX,SFO,337,6,6,0,0,203,0,0
295,1,3,4,646,N738CB,91,85,70,252,LAX,SFO,337,5,16,0,24,6,0,99
296,1,3,4,656,N738CB,83,80,67,233,LAX,SFO,337,3,13,0,0,5,0,113
297,1,3,4,680,N738CB,76,80,63,266,LAX,SFO,337,5,8,0,0,131,0,0
298,1,3,4,776,N901WN,71,80,60,377,LAX,SFO,337,7,4,184,0,0,0,0
299,1,3,4,173,N331SW,74,65,54,139,LAX,SJC,308,5,15,14,0,9,0,51
300,1,3,4,232,N740SW,69,65,53,66,LAX,SJC,308,3,13,0,0,18,0,17
301,1,3,4,343,N687SW,67,65,56,114,LAX,SJC,308,5,6,21,0,2,0,35
302,1,3,4,769,N608SW,60,65,48,53,LAX,SJC,308,5,7,0,0,9,0,15
303,1,3,4,1113,N731SA,69,65,54,134,LAX,SJC,308,6,9,0,12,4,0,53
304,1,3,4,1609,N676SW,62,65,49,57,LAX,SJC,308,5,8,23,0,0,0,4
305,1,3,4,2359,N385SW,59,65,49,114,LAX,SJC,308,3,7,0,0,6,0,48
306,1,3,4,2820,N647SW,63,70,53,55,LAX,SJC,308,4,6,7,0,0,0,17
307,1,3,4,2969,N642WN,66,65,51,29,LAX,SJC,308,4,11,5,0,1,0,9
308,1,3,4,3149,N415WN,66,65,55,19,LAX,SJC,308,4,7,,,,,
309,1,3,4,554,N626SW,89,105,79,38,LAX,SLC,590,3,7,,,,,
310,1,3,4,963,N311SW,93,105,80,46,LAX,SLC,590,3,10,4,0,0,0,13
311,1,3,4,1485,N605SW,98,105,84,127,LAX,SLC,590,4,10,0,0,1,0,59
312,1,3,4,2899,N671SW,99,105,82,98,LAX,SLC,590,4,13,8,0,0,0,38
313,1,3,4,92,N226WN,78,80,59,14,LAX,SMF,373,5,14,,,,,
314,1,3,4,337,N488WN,75,80,59,17,LAX,SMF,373,5,11,,,,,
315,1,3,4,1015,N384SW,68,75,58,119,LAX,SMF,373,3,7,0,0,0,0,56
316,1,3,4,1486,N613SW,74,80,61,92,LAX,SMF,373,5,8,40,0,0,0,3
317,1,3,4,2437,N225WN,66,80,58,86,LAX,SMF,373,3,5,1,0,0,0,35
318,1,3,4,2720,N629SW,70,75,59,33,LAX,SMF,373,4,7,,,,,
319,1,3,4,2985,N727SW,68,80,56,90,LAX,SMF,373,4,8,8,0,0,0,31
320,1,3,4,3155,N449WN,70,75,59,51,LAX,SMF,373,4,7,8,0,0,0,15
321,1,3,4,3584,N416WN,75,80,62,23,LAX,SMF,373,6,7,,,,,
322,1,3,4,71,N312SW,193,210,179,43,LAX,STL,1593,4,10,,,,,
323,1,3,4,75,N283WN,72,75,60,19,LAX,TUS,451,3,9,,,,,
324,1,3,4,1044,N306SW,74,75,61,149,LAX,TUS,451,3,10,0,0,0,0,74
325,1,3,4,3831,N451WN,69,80,60,13,LAX,TUS,451,4,5,,,,,
326,1,3,4,3939,N654SW,76,80,61,56,LAX,TUS,451,5,10,0,0,0,0,26
327,1,3,4,555,N506SW,56,65,47,71,LBB,AUS,341,4,5,4,0,0,0,27
328,1,3,4,21,N501SW,63,60,49,15,LBB,DAL,293,3,11,,,,,
329,1,3,4,35,N520SW,59,60,50,43,LBB,DAL,293,2,7,3,0,0,0,18
330,1,3,4,141,N370SW,56,60,48,20,LBB,DAL,293,3,5,,,,,
331,1,3,4,1312,N501SW,58,60,47,18,LBB,DAL,293,5,6,,,,,
332,1,3,4,2382,N404WN,59,60,50,81,LBB,DAL,293,3,6,0,0,0,0,40
333,1,3,4,438,N309SW,132,130,121,130,LIT,BWI,912,3,8,6,0,2,0,58
334,1,3,4,41,N240WN,58,65,49,25,LIT,DAL,296,3,6,,,,,
335,1,3,4,49,N502SW,62,65,49,91,LIT,DAL,296,4,9,0,0,0,0,44
336,1,3,4,700,N678AA,57,65,48,24,LIT,DAL,296,3,6,,,,,
337,1,3,4,2177,N522SW,58,65,49,9,LIT,DAL,296,3,6,,,,,
338,1,3,4,2263,N514SW,58,65,49,71,LIT,DAL,296,3,6,0,0,0,0,32
339,1,3,4,231,N787SA,78,85,71,17,LIT,HOU,393,2,5,,,,,
340,1,3,4,3053,N418WN,201,210,188,9,LIT,LAS,1295,5,8,,,,,
341,1,3,4,8,N339SW,115,100,82,47,LIT,MDW,544,25,8,16,0,15,0,0
342,1,3,4,3168,N513SW,65,65,53,62,LIT,STL,296,4,8,4,0,0,0,27
343,1,3,4,10,N617SW,68,65,56,573,MAF,ABQ,332,4,8,285,0,3,0,0
344,1,3,4,2374,N379SW,50,55,40,39,MAF,AUS,294,3,7,0,0,0,0,17
345,1,3,4,43,N503SW,59,60,46,53,MAF,DAL,319,3,10,0,0,0,0,26
346,1,3,4,53,N527SW,54,60,46,56,MAF,DAL,319,3,5,0,0,0,0,25
347,1,3,4,271,N512SW,60,60,46,22,MAF,DAL,319,2,12,,,,,
348,1,3,4,914,N692SW,62,60,53,60,MAF,DAL,319,2,7,0,0,2,0,29
349,1,3,4,3828,N333SW,66,75,57,181,MAF,HOU,441,2,7,85,0,0,0,1
350,1,3,4,317,N335SW,139,140,123,17,MAF,LAS,796,4,12,,,,,
351,1,3,4,1493,N356SW,125,130,106,25,MCI,ABQ,718,5,14,,,,,
352,1,3,4,1655,N669SW,114,130,102,-4,MCI,ABQ,718,4,8,,,,,
353,1,3,4,290,N224WN,86,80,69,24,MCI,BNA,491,5,12,6,0,6,0,3
354,1,3,4,1568,N227WN,90,80,65,40,MCI,BNA,491,11,14,0,0,10,0,15
355,1,3,4,3320,N354SW,142,140,125,30,MCI,BWI,967,9,8,10,0,2,0,4
356,1,3,4,3829,N465WN,132,140,118,48,MCI,BWI,967,5,9,0,0,0,0,20
357,1,3,4,19,N511SW,85,90,71,49,MCI,DAL,461,4,10,2,0,0,0,20
358,1,3,4,33,N525SW,84,90,70,26,MCI,DAL,461,4,10,,,,,
359,1,3,4,59,N628SW,83,90,70,111,MCI,DAL,461,2,11,0,0,0,0,52
360,1,3,4,454,N603SW,101,110,84,3,MCI,DEN,533,6,11,,,,,
361,1,3,4,977,N376SW,102,105,88,41,MCI,DEN,533,6,8,3,0,0,0,16
362,1,3,4,1151,N386SW,98,105,83,37,MCI,DEN,533,5,10,12,0,0,0,3
363,1,3,4,1235,N600WN,103,110,83,19,MCI,DEN,533,9,11,,,,,
364,1,3,4,4,N674AA,81,80,63,57,MCI,IND,451,8,10,3,0,1,0,25
365,1,3,4,321,N742SW,80,80,61,60,MCI,IND,451,9,10,30,0,0,0,0
366,1,3,4,187,N690SW,182,195,168,5,MCI,LAS,1140,4,10,,,,,
367,1,3,4,962,N302SW,179,190,164,61,MCI,LAS,1140,6,9,10,0,0,0,15
368,1,3,4,1670,N742SW,174,195,162,39,MCI,LAS,1140,3,9,,,,,
369,1,3,4,810,N648SW,227,225,200,64,MCI,LAX,1363,18,9,31,0,2,0,0
370,1,3,4,1844,N313SW,217,225,196,12,MCI,LAX,1363,10,11,,,,,
371,1,3,4,3155,N449WN,220,225,203,41,MCI,LAX,1363,6,11,9,0,0,0,9
372,1,3,4,730,N756SA,151,155,135,60,MCI,MCO,1072,5,11,0,0,0,0,28
373,1,3,4,1949,N650SW,153,160,136,7,MCI,MCO,1072,6,11,,,,,
374,1,3,4,2279,N662SW,150,165,134,21,MCI,MCO,1072,6,10,,,,,
375,1,3,4,48,N661SW,74,75,60,177,MCI,MDW,405,5,9,1,0,0,0,87
376,1,3,4,95,N499WN,80,80,64,26,MCI,MDW,405,5,11,,,,,
377,1,3,4,154,N353SW,83,80,62,15,MCI,MDW,405,10,11,,,,,
378,1,3,4,308,N502SW,86,80,66,42,MCI,MDW,405,8,12,16,0,6,0,2
379,1,3,4,3915,N528SW,89,80,60,87,MCI,MDW,405,20,9,0,0,9,0,39
380,1,3,4,3307,N667SW,241,245,228,32,MCI,OAK,1489,5,8,,,,,
381,1,3,4,449,N528SW,62,65,50,17,MCI,OKC,313,2,10,,,,,
382,1,3,4,727,N399WN,64,70,50,14,MCI,OKC,313,4,10,,,,,
383,1,3,4,1257,N507SW,74,70,47,132,MCI,OKC,313,19,8,0,0,4,0,64
384,1,3,4,914,N692SW,226,235,214,69,MCI,PDX,1481,4,8,5,0,0,0,25
385,1,3,4,453,N232WN,165,185,151,8,MCI,PHX,1044,4,10,,,,,
386,1,3,4,655,N728SW,175,175,160,18,MCI,PHX,1044,5,10,,,,,
387,1,3,4,1579,N775SW,180,175,162,131,MCI,PHX,1044,5,13,4,0,5,0,59
388,1,3,4,3943,N310SW,167,175,154,38,MCI,PHX,1044,5,8,11,0,0,0,4
389,1,3,4,2298,N338SW,206,220,187,18,MCI,SAN,1333,12,7,,,,,
390,1,3,4,1308,N391SW,226,250,214,72,MCI,SEA,1489,3,9,4,0,0,0,20
391,1,3,4,102,N639SW,223,235,208,30,MCI,SMF,1442,5,10,,,,,
392,1,3,4,283,N213WN,51,55,37,90,MCI,STL,237,4,10,0,0,0,0,43
393,1,3,4,1230,N677AA,52,55,36,31,MCI,STL,237,4,12,,,,,
394,1,3,4,2039,N386SW,49,55,36,102,MCI,STL,237,5,8,0,0,0,0,48
395,1,3,4,629,N376SW,147,150,131,23,MCI,TPA,1048,4,12,,,,,
396,1,3,4,132,N704SW,56,55,37,171,MCI,TUL,223,4,15,0,0,1,0,85
397,1,3,4,407,N636WN,50,55,37,59,MCI,TUL,223,3,10,7,0,0,0,20
398,1,3,4,2900,N504SW,48,55,36,95,MCI,TUL,223,3,9,3,0,0,0,41
399,1,3,4,2284,N409WN,237,250,221,79,MCO,ABQ,1552,5,11,4,0,0,0,29
400,1,3,4,1744,N387SW,161,160,148,15,MCO,ALB,1073,4,9,,,,,
401,1,3,4,3075,N208WN,170,160,149,44,MCO,ALB,1073,11,10,10,0,10,0,7
402,1,3,4,687,N663SW,165,180,149,15,MCO,AUS,993,5,11,,,,,
403,1,3,4,1656,N390SW,170,155,155,69,MCO,BDL,1050,4,11,15,0,15,0,12
404,1,3,4,573,N463WN,90,95,74,19,MCO,BHM,478,2,14,,,,,
405,1,3,4,2036,N650SW,90,95,78,15,MCO,BHM,478,3,9,,,,,
406,1,3,4,2715,N204WN,93,95,78,50,MCO,BHM,478,3,12,6,0,0,0,18
407,1,3,4,1413,N706SW,114,120,96,8,MCO,BNA,616,6,12,,,,,
408,1,3,4,3238,N365SW,115,120,97,45,MCO,BNA,616,5,13,11,0,0,0,9
409,1,3,4,3846,N785SW,110,115,94,21,MCO,BNA,616,3,13,,,,,
410,1,3,4,322,N460WN,162,155,147,19,MCO,BUF,1011,3,12,,,,,
411,1,3,4,3567,N443WN,144,155,133,31,MCO,BUF,1011,3,8,,,,,
412,1,3,4,889,N235WN,130,125,117,25,MCO,BWI,787,3,10,0,0,5,10,0
413,1,3,4,1170,N625SW,122,130,109,26,MCO,BWI,787,3,10,,,,,
414,1,3,4,1507,N334SW,128,130,113,156,MCO,BWI,787,1,14,0,0,0,0,77
415,1,3,4,2801,N713SW,128,125,111,25,MCO,BWI,787,4,13,,,,,
416,1,3,4,3067,N252WN,144,125,115,31,MCO,BWI,787,21,8,6,0,19,0,0
417,1,3,4,3220,N667SW,133,125,118,28,MCO,BWI,787,5,10,0,0,8,10,0
418,1,3,4,2366,N662SW,146,145,130,29,MCO,CLE,895,5,11,11,0,1,0,3
419,1,3,4,1602,N425LV,135,135,113,36,MCO,CMH,802,5,17,18,0,0,0,0
420,1,3,4,2020,N419WN,128,135,114,5,MCO,CMH,802,3,11,,,,,
421,1,3,4,1063,N235WN,240,255,225,23,MCO,DEN,1545,5,10,,,,,
422,1,3,4,399,N621SW,174,160,147,42,MCO,DTW,957,9,18,5,0,14,0,9
423,1,3,4,1023,N216WR,148,160,137,46,MCO,DTW,957,4,7,3,0,0,0,14
424,1,3,4,380,N444WN,55,60,39,11,MCO,FLL,178,4,12,,,,,
425,1,3,4,455,N346SW,56,60,41,130,MCO,FLL,178,3,12,13,0,0,0,50
426,1,3,4,779,N294WN,61,60,39,45,MCO,FLL,178,6,16,21,0,1,0,1
427,1,3,4,3509,N778SW,57,60,39,23,MCO,FLL,178,7,11,,,,,
428,1,3,4,10,N333SW,148,160,132,2,MCO,HOU,848,3,13,,,,,
429,1,3,4,42,N470WN,140,160,130,78,MCO,HOU,848,2,8,2,0,0,0,27
430,1,3,4,430,N752SW,148,160,134,28,MCO,HOU,848,3,11,,,,,
431,1,3,4,1491,N366SW,156,160,134,48,MCO,HOU,848,4,18,11,0,0,0,11
432,1,3,4,3046,N638SW,149,160,131,29,MCO,HOU,848,4,14,,,,,
433,1,3,4,470,N657SW,137,130,120,25,MCO,IAD,758,5,12,0,0,7,9,0
434,1,3,4,1317,N366SW,133,125,111,36,MCO,IAD,758,4,18,14,0,8,0,0
435,1,3,4,3256,N659SW,157,145,126,76,MCO,IND,828,8,23,31,0,12,0,1
436,1,3,4,121,N467WN,144,145,131,59,MCO,ISP,972,4,9,11,0,0,0,18
437,1,3,4,630,N786SW,147,145,134,26,MCO,ISP,972,4,9,,,,,
438,1,3,4,3332,N412WN,143,145,130,122,MCO,ISP,972,4,9,60,0,0,0,0
439,1,3,4,3864,N779SW,148,145,135,153,MCO,ISP,972,5,8,12,0,3,0,63
440,1,3,4,186,N438WN,106,115,91,55,MCO,JAN,587,4,11,23,0,0,0,0
441,1,3,4,2354,N258WN,312,315,291,15,MCO,LAS,2039,7,14,,,,,
442,1,3,4,1308,N391SW,176,185,156,87,MCO,MCI,1072,2,18,0,0,0,0,39
443,1,3,4,1493,N356SW,172,185,157,5,MCO,MCI,1072,4,11,,,,,
444,1,3,4,2193,N352SW,177,180,162,21,MCO,MCI,1072,4,11,,,,,
445,1,3,4,163,N469WN,169,170,150,133,MCO,MDW,989,6,13,46,0,0,0,20
446,1,3,4,172,N780SW,162,170,140,62,MCO,MDW,989,7,15,22,0,0,0,5
447,1,3,4,561,N766SW,175,170,152,19,MCO,MDW,989,7,16,,,,,
448,1,3,4,562,N739GB,180,170,149,170,MCO,MDW,989,17,14,33,0,10,0,47
449,1,3,4,3137,N481WN,152,165,138,109,MCO,MDW,989,7,7,9,0,0,0,39
450,1,3,4,25,N462WN,166,170,153,28,MCO,MHT,1142,3,10,,,,,
451,1,3,4,589,N419WN,174,165,154,21,MCO,MHT,1142,4,16,0,0,9,6,0
452,1,3,4,1145,N202WN,164,165,148,45,MCO,MHT,1142,4,12,0,0,0,0,22
453,1,3,4,467,N626SW,114,115,90,27,MCO,MSY,550,4,20,,,,,
454,1,3,4,3134,N355SW,104,115,85,9,MCO,MSY,550,7,12,,,,,
455,1,3,4,590,N405WN,113,110,96,25,MCO,ORF,655,4,13,,,,,
456,1,3,4,1320,N456WN,110,110,92,48,MCO,ORF,655,5,13,0,0,17,0,7
457,1,3,4,297,N743SW,144,155,124,25,MCO,PHL,861,9,11,,,,,
458,1,3,4,348,N276WN,142,150,129,4,MCO,PHL,861,4,9,,,,,
459,1,3,4,768,N369SW,153,145,134,52,MCO,PHL,861,4,15,11,0,8,0,11
460,1,3,4,1035,N346SW,141,150,128,111,MCO,PHL,861,3,10,9,0,0,0,42
461,1,3,4,1484,N242WN,298,300,276,138,MCO,PHX,1848,8,14,68,0,0,0,0
462,1,3,4,2294,N439WN,130,140,111,2,MCO,PIT,834,7,12,,,,,
463,1,3,4,3934,N672SW,136,135,122,17,MCO,PIT,834,6,8,,,,,
464,1,3,4,2281,N786SW,156,160,139,16,MCO,PVD,1073,4,13,,,,,
465,1,3,4,2135,N694SW,89,100,77,17,MCO,RDU,534,3,9,,,,,
466,1,3,4,2621,N266WN,94,95,82,19,MCO,RDU,534,3,9,,,,,
467,1,3,4,2734,N218WN,98,100,77,26,MCO,RDU,534,12,9,,,,,
468,1,3,4,150,N355SW,47,50,35,33,MCO,RSW,133,3,9,15,0,0,0,0
469,1,3,4,907,N388SW,44,45,30,75,MCO,RSW,133,4,10,37,0,0,0,0
470,1,3,4,2368,N786SW,46,50,31,12,MCO,RSW,133,2,13,,,,,
471,1,3,4,3398,N707SA,52,50,33,18,MCO,RSW,133,3,16,,,,,
472,1,3,4,1414,N402WN,176,185,161,17,MCO,SAT,1040,4,11,,,,,
473,1,3,4,187,N690SW,123,130,107,5,MCO,SDF,718,3,13,,,,,
474,1,3,4,718,N457WN,135,130,105,35,MCO,SDF,718,20,10,2,0,5,0,13
475,1,3,4,440,N720WN,144,155,131,37,MCO,STL,880,3,10,,,,,
476,1,3,4,928,N775SW,147,160,135,1,MCO,STL,880,3,9,,,,,
477,1,3,4,2300,N291WN,136,155,122,211,MCO,STL,880,3,11,0,0,0,6,90
478,1,3,4,3743,N247WN,144,155,127,97,MCO,STL,880,4,13,0,0,0,0,43
479,1,3,4,2871,N709SW,176,190,158,56,MDW,ABQ,1121,4,14,14,0,0,0,7
480,1,3,4,95,N325SW,110,105,97,67,MDW,ALB,717,4,9,18,0,5,0,13
481,1,3,4,714,N305SW,116,110,90,208,MDW,ALB,717,5,21,48,0,6,0,53
482,1,3,4,478,N403WN,145,165,128,8,MDW,AUS,972,5,12,,,,,
483,1,3,4,3568,N767SW,136,165,125,147,MDW,AUS,972,4,7,59,0,0,0,0
484,1,3,4,245,N730SW,118,120,100,58,MDW,BDL,777,8,10,28,0,0,0,0
485,1,3,4,885,N406WN,117,115,100,68,MDW,BDL,777,5,12,33,0,2,0,0
486,1,3,4,223,N427WN,83,100,72,27,MDW,BHM,570,2,9,,,,,
487,1,3,4,313,N374SW,90,100,81,336,MDW,BHM,570,3,6,22,0,0,0,141
488,1,3,4,581,N256WN,68,80,54,28,MDW,BNA,395,4,10,,,,,
489,1,3,4,689,N409WN,69,80,56,49,MDW,BNA,395,5,8,10,0,0,0,9
490,1,3,4,813,N679AA,71,75,60,70,MDW,BNA,395,5,6,14,0,0,0,19
491,1,3,4,830,N436WN,72,80,55,6,MDW,BNA,395,4,13,,,,,
492,1,3,4,851,N238WN,73,80,60,155,MDW,BNA,395,4,9,36,0,0,0,38
493,1,3,4,1973,N347SW,71,75,54,138,MDW,BNA,395,4,13,20,0,0,0,47
494,1,3,4,2108,N479WN,83,75,55,54,MDW,BNA,395,6,22,23,0,8,0,0
495,1,3,4,1690,N217JC,79,80,65,37,MDW,BUF,468,4,10,11,0,0,0,7
496,1,3,4,1828,N785SW,74,80,66,68,MDW,BUF,468,2,6,19,0,0,0,12
497,1,3,4,2975,N713SW,84,80,65,128,MDW,BUF,468,3,16,46,0,4,0,16
498,1,3,4,106,N751SW,83,105,73,426,MDW,BWI,611,4,6,15,0,0,0,187
499,1,3,4,208,N763SW,99,105,88,70,MDW,BWI,611,4,7,32,0,0,0,0
500,1,3,4,224,N279WN,99,105,87,30,MDW,BWI,611,3,9,,,,,
501,1,3,4,324,N253WN,105,105,90,24,MDW,BWI,611,4,11,,,,,
502,1,3,4,466,N623SW,101,105,88,24,MDW,BWI,611,3,10,,,,,
503,1,3,4,2272,N263WN,98,105,86,63,MDW,BWI,611,3,9,19,0,0,0,9
504,1,3,4,2786,N417WN,90,100,78,150,MDW,BWI,611,4,8,45,0,0,0,25
505,1,3,4,30,N689SW,65,70,52,39,MDW,CLE,307,6,7,16,0,0,0,1
506,1,3,4,153,N658SW,63,65,48,136,MDW,CLE,307,6,9,0,0,0,0,67
507,1,3,4,387,N779SW,91,65,50,164,MDW,CLE,307,8,33,69,0,26,0,0
508,1,3,4,628,N902WN,61,70,47,45,MDW,CLE,307,4,10,8,0,0,0,10
509,1,3,4,1489,N699SW,68,70,48,152,MDW,CLE,307,7,13,75,0,0,0,0
510,1,3,4,3587,N374SW,72,75,54,359,MDW,CLE,307,6,12,22,0,0,0,156
511,1,3,4,154,N353SW,58,65,43,27,MDW,CMH,284,4,11,,,,,
512,1,3,4,261,N340LV,50,60,39,192,MDW,CMH,284,3,8,61,0,0,0,30
513,1,3,4,950,N750SA,61,60,49,45,MDW,CMH,284,5,7,0,22,1,0,0
514,1,3,4,1685,N341SW,64,65,47,15,MDW,CMH,284,5,12,,,,,
515,1,3,4,2470,N339SW,60,65,50,43,MDW,CMH,284,2,8,19,0,0,0,0
516,1,3,4,2474,N776WN,59,65,48,50,MDW,CMH,284,3,8,22,0,0,0,0
517,1,3,4,172,N780SW,152,150,128,100,MDW,DEN,895,7,17,22,0,2,0,27
518,1,3,4,806,N711HK,140,155,128,35,MDW,DEN,895,5,7,,,,,
519,1,3,4,902,N411WN,143,155,127,20,MDW,DEN,895,6,10,,,,,
520,1,3,4,1001,N485WN,154,155,125,25,MDW,DEN,895,4,25,,,,,
521,1,3,4,1852,N239WN,144,155,129,111,MDW,DEN,895,6,9,26,0,0,0,24
522,1,3,4,1944,N410WN,145,160,128,105,MDW,DEN,895,6,11,16,0,0,0,29
523,1,3,4,308,N502SW,69,65,53,80,MDW,DTW,229,9,7,14,0,4,0,24
524,1,3,4,424,N713SW,57,60,45,35,MDW,DTW,229,4,8,9,0,0,0,7
525,1,3,4,1006,N523SW,60,65,42,81,MDW,DTW,229,3,15,38,0,0,0,0
526,1,3,4,1014,N494WN,61,70,43,83,MDW,DTW,229,3,15,29,0,0,0,8
527,1,3,4,1567,N785SW,63,65,52,38,MDW,DTW,229,5,6,8,0,0,0,10
528,1,3,4,1916,N357SW,58,65,46,87,MDW,DTW,229,5,7,32,0,0,0,8
529,1,3,4,3915,N528SW,55,60,36,111,MDW,DTW,229,7,12,9,0,0,0,44
530,1,3,4,234,N798SW,172,175,152,21,MDW,FLL,1166,7,13,,,,,
531,1,3,4,892,N457WN,161,175,148,38,MDW,FLL,1166,5,8,,,,,
532,1,3,4,2630,N255WN,165,180,151,13,MDW,FLL,1166,7,7,,,,,
533,1,3,4,3228,N717SA,161,175,142,176,MDW,FLL,1166,4,15,40,0,0,0,41
534,1,3,4,3848,N550WN,170,180,151,60,MDW,FLL,1166,5,14,25,0,0,0,0
535,1,3,4,195,N793SA,147,165,133,36,MDW,HOU,937,4,10,,,,,
536,1,3,4,203,N332SW,143,165,123,80,MDW,HOU,937,4,16,13,0,0,0,16
537,1,3,4,319,N716SW,146,165,130,93,MDW,HOU,937,4,12,13,0,0,0,24
538,1,3,4,1927,N497WN,145,165,129,40,MDW,HOU,937,3,13,,,,,
539,1,3,4,3763,N514SW,147,165,135,50,MDW,HOU,937,3,9,12,0,0,0,4
540,1,3,4,3841,N280WN,144,165,130,-1,MDW,HOU,937,3,11,,,,,
541,1,3,4,205,N299WN,90,100,73,124,MDW,IAD,577,5,12,25,0,0,0,32
542,1,3,4,1307,N294WN,101,105,81,194,MDW,IAD,577,5,15,51,0,0,0,44
543,1,3,4,3232,N201LV,97,100,78,45,MDW,IAD,577,5,14,2,0,0,0,19
544,1,3,4,3760,N672SW,104,95,84,23,MDW,IAD,577,5,15,0,7,9,0,0
545,1,3,4,378,N726SW,49,55,31,52,MDW,IND,162,7,11,23,0,0,0,0
546,1,3,4,771,N486WN,55,50,36,139,MDW,IND,162,6,13,17,0,5,0,50
547,1,3,4,1333,N334SW,59,50,32,159,MDW,IND,162,8,19,58,0,9,0,17
548,1,3,4,1746,N612SW,41,50,27,11,MDW,IND,162,7,7,,,,,
549,1,3,4,969,N215WN,129,120,114,185,MDW,ISP,765,5,10,32,0,9,0,56
550,1,3,4,1667,N243WN,124,130,110,54,MDW,ISP,765,5,9,13,0,0,0,11
551,1,3,4,1930,N724SW,127,130,113,43,MDW,ISP,765,4,10,20,0,0,0,0
552,1,3,4,2703,N734SA,111,125,98,36,MDW,ISP,765,4,9,,,,,
553,1,3,4,405,N513SW,104,120,90,456,MDW,JAN,666,3,11,220,0,0,0,0
554,1,3,4,1035,N346SW,100,115,87,105,MDW,JAN,666,3,10,45,0,0,0,0
555,1,3,4,164,N723SW,239,240,219,133,MDW,LAS,1521,5,15,55,0,0,0,11
556,1,3,4,201,N251WN,228,240,219,4,MDW,LAS,1521,3,6,,,,,
557,1,3,4,300,N753SW,232,240,217,8,MDW,LAS,1521,6,9,,,,,
558,1,3,4,433,N264LV,267,240,219,49,MDW,LAS,1521,32,16,11,0,27,0,0
559,1,3,4,556,N297WN,231,240,214,11,MDW,LAS,1521,8,9,,,,,
560,1,3,4,872,N788SA,225,240,215,17,MDW,LAS,1521,4,6,,,,,
561,1,3,4,891,N400WN,230,240,216,60,MDW,LAS,1521,3,11,0,25,0,0,0
562,1,3,4,1016,N765SW,236,240,220,136,MDW,LAS,1521,5,11,57,0,0,0,9
563,1,3,4,1422,N403WN,237,240,222,31,MDW,LAS,1521,5,10,,,,,
564,1,3,4,2295,N404WN,235,240,223,41,MDW,LAS,1521,3,9,18,0,0,0,0
565,1,3,4,2449,N454WN,234,240,218,86,MDW,LAS,1521,9,7,35,0,0,0,5
566,1,3,4,3844,N446WN,232,240,220,68,MDW,LAS,1521,4,8,27,0,0,0,3
567,1,3,4,184,N473WN,265,270,243,69,MDW,LAX,1750,11,11,26,0,0,0,6
568,1,3,4,587,N435WN,276,270,249,38,MDW,LAX,1750,6,21,12,0,6,0,4
569,1,3,4,829,N476WN,269,270,256,65,MDW,LAX,1750,5,8,31,0,0,0,1
570,1,3,4,2979,N901WN,262,275,249,113,MDW,LAX,1750,7,6,39,0,0,0,11
571,1,3,4,3149,N415WN,267,270,252,25,MDW,LAX,1750,5,10,,,,,
572,1,3,4,3584,N416WN,276,275,259,27,MDW,LAX,1750,8,9,,,,,
573,1,3,4,49,N502SW,95,105,78,110,MDW,LIT,544,4,13,21,0,0,0,29
574,1,3,4,19,N511SW,78,85,62,55,MDW,MCI,405,5,11,14,0,0,0,10
575,1,3,4,33,N525SW,76,85,64,57,MDW,MCI,405,4,8,16,0,0,0,8
576,1,3,4,59,N628SW,80,85,66,139,MDW,MCI,405,5,9,43,0,0,0,24
577,1,3,4,132,N704SW,84,85,64,193,MDW,MCI,405,5,15,65,0,0,0,31
578,1,3,4,342,N246LV,78,85,64,45,MDW,MCI,405,4,10,12,0,0,0,7
579,1,3,4,407,N636WN,79,85,63,54,MDW,MCI,405,4,12,11,0,0,0,13
580,1,3,4,449,N528SW,77,85,64,42,MDW,MCI,405,4,9,17,0,0,0,0
581,1,3,4,727,N399WN,83,85,65,22,MDW,MCI,405,4,14,,,,,
582,1,3,4,1257,N507SW,77,85,61,142,MDW,MCI,405,4,12,12,0,0,0,55
583,1,3,4,2900,N504SW,78,85,64,101,MDW,MCI,405,4,10,33,0,0,0,14
584,1,3,4,401,N242WN,137,150,125,53,MDW,MCO,989,3,9,16,0,0,0,4
585,1,3,4,482,N706SW,147,150,128,9,MDW,MCO,989,8,11,,,,,
586,1,3,4,1189,N231WN,140,150,127,98,MDW,MCO,989,4,9,24,0,0,0,20
587,1,3,4,1206,N469WN,143,150,127,21,MDW,MCO,989,4,12,,,,,
588,1,3,4,1765,N239WN,137,150,124,27,MDW,MCO,989,4,9,,,,,
589,1,3,4,2631,N470WN,135,150,126,105,MDW,MCO,989,3,6,25,0,0,0,20
590,1,3,4,3050,N481WN,145,150,126,103,MDW,MCO,989,6,13,16,0,0,0,33
591,1,3,4,3919,N746SW,144,150,126,212,MDW,MCO,989,3,15,13,0,0,0,90
592,1,3,4,396,N407WN,114,120,100,170,MDW,MHT,838,4,10,82,0,0,0,0
593,1,3,4,1674,N422WN,132,120,109,32,MDW,MHT,838,3,20,10,0,12,0,0
594,1,3,4,1951,N674AA,117,125,106,80,MDW,MHT,838,4,7,31,0,0,0,5
595,1,3,4,2524,N458WN,120,120,105,64,MDW,MHT,838,4,11,28,0,0,0,4
596,1,3,4,2813,N761RR,116,120,106,42,MDW,MHT,838,3,7,19,0,0,0,0
597,1,3,4,1192,N274WN,138,140,109,24,MDW,MSY,825,5,24,,,,,
598,1,3,4,142,N758SW,286,285,265,99,MDW,OAK,1844,4,17,49,0,1,0,0
599,1,3,4,562,N739GB,287,280,272,281,MDW,OAK,1844,6,9,47,0,7,0,90
600,1,3,4,1076,N411WN,294,280,265,148,MDW,OAK,1844,5,24,41,0,14,0,26
601,1,3,4,2195,N479WN,300,285,272,161,MDW,OAK,1844,17,11,40,0,15,0,33
602,1,3,4,555,N506SW,77,85,68,42,MDW,OMA,423,2,7,8,0,0,0,9
603,1,3,4,1066,N440LV,78,85,63,221,MDW,OMA,423,3,12,100,0,0,0,7
604,1,3,4,1423,N658SW,83,85,68,130,MDW,OMA,423,3,12,63,0,0,0,1
605,1,3,4,2544,N374SW,80,85,66,13,MDW,OMA,423,2,12,,,,,
606,1,3,4,3491,N523SW,79,85,67,162,MDW,OMA,423,2,10,7,0,0,0,71
607,1,3,4,3832,N205WN,80,85,66,197,MDW,OMA,423,2,12,9,0,0,0,87
608,1,3,4,568,N754SW,107,115,98,22,MDW,ORF,704,2,7,,,,,
609,1,3,4,3510,N298WN,106,115,92,163,MDW,ORF,704,3,11,77,0,0,0,0
610,1,3,4,561,N766SW,261,270,247,31,MDW,PDX,1751,5,9,,,,,
611,1,3,4,2804,N255WN,261,270,244,83,MDW,PDX,1751,4,13,37,0,0,0,0
612,1,3,4,79,N211WN,106,130,91,-8,MDW,PHL,668,7,8,,,,,
613,1,3,4,792,N900WN,113,120,94,33,MDW,PHL,668,7,12,,,,,
614,1,3,4,1136,N733SA,104,120,90,228,MDW,PHL,668,5,9,21,0,0,0,85
615,1,3,4,2789,N209WN,102,130,86,86,MDW,PHL,668,6,10,12,0,0,0,17
616,1,3,4,3153,N347SW,114,115,95,35,MDW,PHL,668,4,15,17,0,0,0,0
617,1,3,4,3757,N446WN,107,115,93,32,MDW,PHL,668,3,11,,,,,
618,1,3,4,3927,N459WN,98,110,84,48,MDW,PHL,668,4,10,4,0,0,0,14
619,1,3,4,259,N483WN,221,230,207,27,MDW,PHX,1444,6,8,,,,,
620,1,3,4,616,N495WN,230,235,205,17,MDW,PHX,1444,5,20,,,,,
621,1,3,4,921,N430WN,234,235,215,115,MDW,PHX,1444,5,14,43,0,0,0,14
622,1,3,4,1023,N216WR,238,230,215,160,MDW,PHX,1444,3,20,35,0,8,0,41
623,1,3,4,1827,N420WN,226,235,212,55,MDW,PHX,1444,6,8,23,0,0,0,0
624,1,3,4,1842,N723SW,225,235,209,40,MDW,PHX,1444,5,11,15,0,0,0,0
625,1,3,4,3336,N208WN,224,225,212,127,MDW,PHX,1444,4,8,32,0,0,0,31
626,1,3,4,3501,N732SW,224,230,208,50,MDW,PHX,1444,5,11,22,0,0,0,0
627,1,3,4,337,N488WN,64,75,52,101,MDW,PIT,402,3,9,19,0,0,0,26
628,1,3,4,1414,N402WN,72,80,59,32,MDW,PIT,402,6,7,,,,,
629,1,3,4,2445,N651SW,83,75,64,62,MDW,PIT,402,8,11,27,0,8,0,0
630,1,3,4,3170,N430WN,75,75,60,64,MDW,PIT,402,6,9,32,0,0,0,0
631,1,3,4,3249,N208WN,67,75,57,106,MDW,PIT,402,4,6,28,0,0,0,21
632,1,3,4,2174,N623SW,116,125,104,159,MDW,PVD,842,4,8,40,0,0,0,35
633,1,3,4,2974,N447WN,117,125,108,28,MDW,PVD,842,3,6,,,,,
634,1,3,4,3831,N451WN,120,125,105,71,MDW,PVD,842,5,10,14,0,0,0,19
635,1,3,4,255,N411WN,99,110,85,69,MDW,RDU,632,3,11,20,0,0,0,9
636,1,3,4,1429,N657SW,102,105,88,35,MDW,RDU,632,3,11,13,0,0,0,3
637,1,3,4,3063,N551WN,97,100,81,83,MDW,RDU,632,3,13,35,0,0,0,5
638,1,3,4,3675,N269WN,91,105,79,28,MDW,RDU,632,4,8,,,,,
639,1,3,4,1276,N265WN,251,255,238,92,MDW,RNO,1680,5,8,31,0,0,0,13
640,1,3,4,1558,N310SW,160,165,143,121,MDW,RSW,1105,5,12,52,0,0,0,6
641,1,3,4,3413,N374SW,159,170,144,275,MDW,RSW,1105,4,11,132,0,0,0,0
642,1,3,4,299,N718SW,261,265,249,118,MDW,SAN,1728,3,9,57,0,0,0,0
643,1,3,4,339,N213WN,254,265,243,89,MDW,SAN,1728,3,8,39,0,0,0,0
644,1,3,4,635,N729SW,255,265,244,98,MDW,SAN,1728,3,8,40,0,0,0,4
645,1,3,4,1188,N254WN,268,265,258,57,MDW,SAN,1728,2,8,23,0,3,0,4
646,1,3,4,2729,N754SW,269,265,253,120,MDW,SAN,1728,4,12,55,0,4,0,3
647,1,3,4,511,N272WN,146,175,136,35,MDW,SAT,1036,3,7,,,,,
648,1,3,4,1394,N294WN,154,175,134,273,MDW,SAT,1036,3,17,44,0,0,0,82
649,1,3,4,74,N764SW,67,65,53,214,MDW,SDF,271,5,9,54,0,2,0,52
650,1,3,4,247,N369SW,65,65,43,26,MDW,SDF,271,3,19,,,,,
651,1,3,4,693,N232WN,60,65,44,75,MDW,SDF,271,5,11,9,0,0,0,26
652,1,3,4,823,N725SW,56,65,42,49,MDW,SDF,271,5,9,10,0,0,0,10
653,1,3,4,2019,N392SW,57,65,46,22,MDW,SDF,271,4,7,,,,,
654,1,3,4,421,N205WN,262,270,242,192,MDW,SEA,1733,4,16,92,0,0,0,0
655,1,3,4,658,N231WN,253,270,243,43,MDW,SEA,1733,4,6,,,,,
656,1,3,4,2702,N209WN,265,270,247,53,MDW,SEA,1733,5,13,24,0,0,0,0
657,1,3,4,1009,N478WN,298,290,274,280,MDW,SFO,1855,4,20,0,135,8,0,1
658,1,3,4,1837,N761RR,295,290,268,547,MDW,SFO,1855,4,23,266,0,5,0,5
659,1,3,4,3846,N751SW,296,290,267,424,MDW,SFO,1855,4,25,200,0,6,0,9
660,1,3,4,220,N275WN,275,285,260,88,MDW,SJC,1838,4,11,39,0,0,0,0
661,1,3,4,2199,N900WN,281,285,265,86,MDW,SJC,1838,5,11,41,0,0,0,0
662,1,3,4,151,N750SA,201,210,186,109,MDW,SLC,1258,6,9,30,0,0,0,20
663,1,3,4,1662,N461WN,203,210,185,83,MDW,SLC,1258,4,14,38,0,0,0,0
664,1,3,4,163,N469WN,267,270,253,161,MDW,SMF,1790,4,10,15,0,0,0,64
665,1,3,4,3145,N201LV,276,270,253,36,MDW,SMF,1790,3,20,15,0,6,0,0
666,1,3,4,29,N652SW,57,65,46,188,MDW,STL,251,3,8,86,0,0,0,4
667,1,3,4,166,N741SA,58,65,46,7,MDW,STL,251,4,8,,,,,
668,1,3,4,393,N278WN,51,60,40,77,MDW,STL,251,3,8,34,0,0,0,0
669,1,3,4,490,N651SW,63,65,45,76,MDW,STL,251,4,14,15,0,0,0,22
670,1,3,4,1586,N293,66,60,46,24,MDW,STL,251,4,16,9,0,6,0,0
671,1,3,4,2177,N522SW,59,65,46,28,MDW,STL,251,3,10,,,,,
672,1,3,4,2263,N514SW,59,65,49,112,MDW,STL,251,4,6,47,0,0,0,6
673,1,3,4,2361,N348SW,56,65,44,91,MDW,STL,251,4,8,39,0,0,0,2
674,1,3,4,26,N330SW,140,155,127,37,MDW,TPA,997,5,8,,,,,
675,1,3,4,89,N710SW,141,155,126,38,MDW,TPA,997,5,10,,,,,
676,1,3,4,477,N433LV,138,150,126,32,MDW,TPA,997,4,8,,,,,
677,1,3,4,514,N432WN,134,150,122,166,MDW,TPA,997,3,9,44,0,0,0,31
678,1,3,4,979,N751SW,138,150,125,16,MDW,TPA,997,4,9,,,,,
679,1,3,4,1153,N440LV,139,155,126,256,MDW,TPA,997,6,7,29,0,0,0,91
680,1,3,4,1847,N499WN,134,150,124,24,MDW,TPA,997,4,6,,,,,
681,1,3,4,280,N460WN,215,225,202,78,MDW,TUS,1440,3,10,25,0,0,0,9
682,1,3,4,422,N779SW,226,225,210,181,MDW,TUS,1440,4,12,18,0,1,0,72
683,1,3,4,145,N482WN,73,95,61,30,MHT,BWI,377,4,8,,,,,
684,1,3,4,420,N268WN,78,95,65,15,MHT,BWI,377,2,11,,,,,
685,1,3,4,1061,N422WN,71,95,61,44,MHT,BWI,377,2,8,,,,,
686,1,3,4,2038,N674AA,76,90,64,68,MHT,BWI,377,3,9,3,0,0,0,24
687,1,3,4,2437,N225WN,104,95,69,63,MHT,BWI,377,27,8,11,0,9,0,16
688,1,3,4,2611,N458WN,75,95,60,60,MHT,BWI,377,5,10,4,0,0,0,16
689,1,3,4,3226,N308SA,78,95,63,29,MHT,BWI,377,4,11,,,,,
690,1,3,4,3691,N257WN,74,90,61,102,MHT,BWI,377,3,10,4,0,0,0,39
691,1,3,4,2719,N466WN,334,365,320,107,MHT,LAS,2356,5,9,38,0,0,0,0
692,1,3,4,976,N235WN,185,205,156,42,MHT,MCO,1142,21,8,,,,,
693,1,3,4,1933,N419WN,170,205,155,15,MHT,MCO,1142,7,8,,,,,
694,1,3,4,2213,N291WN,169,200,155,247,MHT,MCO,1142,3,11,6,0,0,0,102
695,1,3,4,3680,N606SW,164,195,155,243,MHT,MCO,1142,3,6,0,0,0,0,106
696,1,3,4,813,N679AA,133,155,117,64,MHT,MDW,838,6,10,3,0,0,0,18
697,1,3,4,2704,N462WN,140,155,122,13,MHT,MDW,838,7,11,,,,,
698,1,3,4,2888,N713SW,137,155,124,50,MHT,MDW,838,6,7,0,0,0,0,16
699,1,3,4,2900,N761RR,133,155,120,54,MHT,MDW,838,6,7,8,0,0,0,8
700,1,3,4,3145,N201LV,138,160,120,-8,MHT,MDW,838,10,8,,,,,
701,1,3,4,312,N604SW,72,90,57,122,MHT,PHL,290,6,9,12,0,0,0,40
702,1,3,4,1082,N347SW,71,90,61,-5,MHT,PHL,290,4,6,,,,,
703,1,3,4,1849,N677AA,82,90,67,24,MHT,PHL,290,6,9,,,,,
704,1,3,4,2463,N771SA,75,85,57,50,MHT,PHL,290,7,11,16,0,0,0,4
705,1,3,4,3316,N290WN,77,90,65,87,MHT,PHL,290,4,8,4,0,0,0,33
706,1,3,4,3685,N790SW,78,90,59,6,MHT,PHL,290,4,15,,,,,
707,1,3,4,1033,N757LV,338,355,320,17,MHT,PHX,2279,4,14,,,,,
708,1,3,4,3241,N221WN,193,210,164,205,MHT,TPA,1204,5,24,94,0,0,0,0
709,1,3,4,3516,N368SW,179,215,164,28,MHT,TPA,1204,3,12,,,,,
710,1,3,4,521,N781WN,54,75,47,157,MSY,BHM,321,2,5,60,0,0,0,8
711,1,3,4,432,N643SW,147,135,140,36,MSY,BWI,998,2,5,12,0,12,0,0
712,1,3,4,467,N626SW,80,85,71,23,MSY,DAL,437,3,6,,,,,
713,1,3,4,1936,N295WN,82,85,71,159,MSY,DAL,437,5,6,65,0,0,0,13
714,1,3,4,2101,N222WN,77,85,69,12,MSY,DAL,437,4,4,,,,,
715,1,3,4,1194,N664WN,102,100,92,14,MSY,FLL,673,5,5,,,,,
716,1,3,4,223,N677AA,64,70,54,184,MSY,HOU,303,4,6,82,0,0,0,7
717,1,3,4,570,N357SW,59,70,53,63,MSY,HOU,303,2,4,0,0,0,0,26
718,1,3,4,623,N724SW,59,65,50,30,MSY,HOU,303,3,6,,,,,
719,1,3,4,689,N426WN,57,70,50,189,MSY,HOU,303,3,4,55,0,0,0,33
720,1,3,4,1192,N274WN,67,70,55,43,MSY,HOU,303,3,9,10,0,0,0,10
721,1,3,4,1343,N523SW,64,70,54,18,MSY,HOU,303,3,7,,,,,
722,1,3,4,1254,N490WN,227,240,219,7,MSY,LAS,1501,4,4,,,,,
723,1,3,4,1170,N625SW,89,100,76,23,MSY,MCO,550,7,6,,,,,
724,1,3,4,2624,N693SW,86,95,76,15,MSY,MCO,550,3,7,,,,,
725,1,3,4,714,N305SW,128,130,115,108,MSY,MDW,825,7,6,8,0,0,0,45
726,1,3,4,169,N550WN,204,220,193,92,MSY,PHX,1301,5,6,3,0,0,0,35
727,1,3,4,788,N427WN,76,85,67,163,MSY,TPA,487,4,5,64,0,0,0,13
728,1,3,4,806,N711HK,81,85,72,12,MSY,TPA,487,4,5,,,,,
729,1,3,4,45,N631SW,131,135,110,102,OAK,ABQ,889,5,16,49,0,0,0,0
730,1,3,4,527,N727SW,138,130,107,44,OAK,ABQ,889,5,26,0,0,8,0,18
731,1,3,4,882,N774SW,250,250,232,64,OAK,BNA,1959,5,13,21,0,0,0,11
732,1,3,4,783,N306SW,83,90,66,75,OAK,BOI,511,3,14,12,0,0,0,22
733,1,3,4,2612,N479WN,85,85,64,36,OAK,BOI,511,3,18,18,0,0,0,0
734,1,3,4,346,N489WN,66,65,48,35,OAK,BUR,325,3,15,0,0,1,0,17
735,1,3,4,444,N682SW,69,65,49,134,OAK,BUR,325,2,18,0,0,4,0,65
736,1,3,4,481,N413WN,65,65,49,34,OAK,BUR,325,2,14,14,0,0,0,3
737,1,3,4,891,N400WN,72,65,49,115,OAK,BUR,325,2,21,1,0,7,0,53
738,1,3,4,1150,N235WN,60,65,48,67,OAK,BUR,325,2,10,14,0,0,0,17
739,1,3,4,1171,N682SW,66,65,53,17,OAK,BUR,325,2,11,,,,,
740,1,3,4,1311,N605SW,61,65,50,132,OAK,BUR,325,1,10,17,0,0,0,47
741,1,3,4,2550,N771SA,65,65,49,52,OAK,BUR,325,2,14,13,0,0,0,13
742,1,3,4,2614,N602SW,62,65,50,43,OAK,BUR,325,2,10,20,0,0,0,0
743,1,3,4,2732,N705SW,67,65,48,180,OAK,BUR,325,2,17,15,0,2,0,74
744,1,3,4,3589,N601WN,65,65,51,112,OAK,BUR,325,2,12,13,0,0,0,43
745,1,3,4,3772,N708SA,62,65,49,21,OAK,BUR,325,2,11,,,,,
746,1,3,4,494,N441WN,136,145,113,15,OAK,DEN,957,13,10,,,,,
747,1,3,4,497,N445WN,135,145,113,90,OAK,DEN,957,8,14,0,0,7,0,33
748,1,3,4,1426,N720WN,136,145,114,111,OAK,DEN,957,8,14,10,0,0,0,41
749,1,3,4,1502,N656SW,135,145,114,14,OAK,DEN,957,7,14,,,,,
750,1,3,4,1760,N640SW,133,145,117,20,OAK,DEN,957,6,10,,,,,
751,1,3,4,223,N223WN,115,120,93,265,OAK,GEG,723,5,17,19,0,0,0,111
752,1,3,4,2639,N777QC,98,120,86,36,OAK,GEG,723,4,8,,,,,
753,1,3,4,78,N268WN,204,220,189,104,OAK,HOU,1642,3,12,14,0,0,0,30
754,1,3,4,302,N473WN,89,85,62,170,OAK,LAS,407,4,23,83,0,4,0,0
755,1,3,4,428,N683SW,80,85,63,143,OAK,LAS,407,4,13,2,0,0,0,67
756,1,3,4,500,N799SW,82,85,64,71,OAK,LAS,407,3,15,34,0,0,0,0
757,1,3,4,890,N788SA,81,80,61,149,OAK,LAS,407,6,14,41,0,1,0,33
758,1,3,4,1585,N766SW,87,85,66,140,OAK,LAS,407,8,13,50,0,2,0,19
759,1,3,4,1918,N267WN,83,85,68,28,OAK,LAS,407,7,8,,,,,
760,1,3,4,2632,N784SW,86,85,65,71,OAK,LAS,407,5,16,16,0,1,0,19
761,1,3,4,3327,N282WN,102,85,59,51,OAK,LAS,407,20,23,2,0,17,0,15
762,1,3,4,3396,N787SA,88,85,59,47,OAK,LAS,407,17,12,22,0,3,0,0
763,1,3,4,3940,N434WN,98,85,61,75,OAK,LAS,407,20,17,0,0,13,0,31
764,1,3,4,75,N283WN,70,75,53,13,OAK,LAX,337,7,10,,,,,
765,1,3,4,96,N311SW,74,80,54,50,OAK,LAX,337,6,14,9,0,0,0,13
766,1,3,4,230,N364SW,73,75,52,40,OAK,LAX,337,6,15,9,0,0,0,10
767,1,3,4,252,N359SW,83,80,59,33,OAK,LAX,337,7,17,3,0,3,0,12
768,1,3,4,304,N326SW,74,75,57,13,OAK,LAX,337,8,9,,,,,
769,1,3,4,925,N384SW,88,75,58,115,OAK,LAX,337,8,22,8,0,13,0,43
770,1,3,4,1107,N708SA,79,75,51,56,OAK,LAX,337,19,9,19,0,4,0,7
771,1,3,4,1192,N274WN,74,75,52,161,OAK,LAX,337,9,13,18,0,0,0,62
772,1,3,4,1485,N605SW,74,75,52,133,OAK,LAX,337,6,16,1,0,0,0,65
773,1,3,4,1671,N684WN,89,75,55,194,OAK,LAX,337,15,19,1,0,14,0,89
774,1,3,4,2208,N632SW,73,75,53,60,OAK,LAX,337,6,14,0,0,0,0,29
775,1,3,4,2733,N647SW,75,75,57,44,OAK,LAX,337,6,12,9,0,0,0,13
776,1,3,4,3245,N780SW,72,75,54,13,OAK,LAX,337,8,10,,,,,
777,1,3,4,3394,N667SW,85,75,55,64,OAK,LAX,337,7,23,13,0,10,0,14
778,1,3,4,3939,N654SW,74,75,53,69,OAK,LAX,337,5,16,13,0,0,0,21
779,1,3,4,3320,N354SW,190,205,177,23,OAK,MCI,1489,4,9,,,,,
780,1,3,4,3829,N465WN,183,205,170,84,OAK,MCI,1489,5,8,23,0,0,0,8
781,1,3,4,514,N432WN,223,240,210,91,OAK,MDW,1844,5,8,19,0,0,0,18
782,1,3,4,1136,N733SA,235,245,213,206,OAK,MDW,1844,7,15,25,0,0,0,73
783,1,3,4,2091,N426WN,234,235,204,295,OAK,MDW,1844,6,24,19,0,0,0,128
784,1,3,4,84,N669SW,69,70,56,21,OAK,ONT,361,3,10,,,,,
785,1,3,4,464,N795SW,80,75,56,155,OAK,ONT,361,5,19,24,0,5,0,51
786,1,3,4,582,N629SW,72,75,56,171,OAK,ONT,361,5,11,21,0,0,0,63
787,1,3,4,835,N460WN,74,75,54,133,OAK,ONT,361,4,16,14,0,0,0,52
788,1,3,4,898,N328SW,89,75,57,90,OAK,ONT,361,5,27,17,0,14,0,21
789,1,3,4,988,N636WN,79,75,57,88,OAK,ONT,361,5,17,8,0,4,0,34
790,1,3,4,3765,N654SW,80,75,55,25,OAK,ONT,361,4,21,7,0,5,0,3
791,1,3,4,430,N328SW,98,100,79,104,OAK,PDX,543,4,15,29,0,0,0,22
792,1,3,4,491,N331SW,92,100,77,4,OAK,PDX,543,4,11,,,,,
793,1,3,4,644,N423WN,88,100,73,154,OAK,PDX,543,5,10,8,0,0,0,63
794,1,3,4,829,N476WN,95,100,72,79,OAK,PDX,543,8,15,11,0,0,0,26
795,1,3,4,2011,N292WN,90,100,74,4,OAK,PDX,543,3,13,,,,,
796,1,3,4,190,N378SW,94,110,84,184,OAK,PHX,646,2,8,0,0,6,0,78
797,1,3,4,753,N248WN,106,115,85,25,OAK,PHX,646,5,16,,,,,
798,1,3,4,933,N214WN,96,110,85,20,OAK,PHX,646,3,8,,,,,
799,1,3,4,1222,N304SW,100,115,86,225,OAK,PHX,646,4,10,2,0,0,0,103
800,1,3,4,1686,N207WN,98,110,86,76,OAK,PHX,646,3,9,6,0,0,0,26
801,1,3,4,985,N752SW,57,50,31,171,OAK,RNO,180,5,21,14,0,7,0,68
802,1,3,4,1587,N706SW,49,50,33,19,OAK,RNO,180,3,13,,,,,
803,1,3,4,2113,N350SW,46,50,31,12,OAK,RNO,180,4,11,,,,,
804,1,3,4,3502,N601WN,65,50,33,85,OAK,RNO,180,4,28,30,0,15,0,5
805,1,3,4,318,N474WN,82,85,61,89,OAK,SAN,446,4,17,0,0,1,0,42
806,1,3,4,639,N773SA,76,80,63,10,OAK,SAN,446,3,10,,,,,
807,1,3,4,828,N270WN,76,80,66,50,OAK,SAN,446,2,8,17,0,0,0,6
808,1,3,4,1022,N655WN,79,85,69,30,OAK,SAN,446,2,8,,,,,
809,1,3,4,1065,N473WN,79,85,64,60,OAK,SAN,446,3,12,5,0,0,0,22
810,1,3,4,1255,N361SW,92,85,66,63,OAK,SAN,446,3,23,0,0,7,0,28
811,1,3,4,2269,N489WN,85,85,61,30,OAK,SAN,446,3,21,0,0,5,0,10
812,1,3,4,2719,N466WN,78,85,64,95,OAK,SAN,446,4,10,18,0,0,0,26
813,1,3,4,2884,N795SW,87,85,67,64,OAK,SAN,446,4,16,11,0,2,0,20
814,1,3,4,2982,N455WN,77,85,66,8,OAK,SAN,446,2,9,,,,,
815,1,3,4,3058,N224WN,85,85,66,92,OAK,SAN,446,4,15,12,0,0,0,34
816,1,3,4,237,N281WN,146,120,91,122,OAK,SEA,671,5,50,8,0,26,0,40
817,1,3,4,256,N336SW,110,120,89,66,OAK,SEA,671,3,18,22,0,0,0,6
818,1,3,4,872,N337SW,134,120,106,64,OAK,SEA,671,4,24,12,0,14,0,13
819,1,3,4,1071,N315SW,135,120,113,115,OAK,SEA,671,7,15,20,0,15,0,30
820,1,3,4,2730,N273WN,114,120,91,110,OAK,SEA,671,5,18,20,0,0,0,32
821,1,3,4,125,N782SA,106,100,83,56,OAK,SLC,588,2,21,21,0,6,0,4
822,1,3,4,246,N487WN,99,100,76,99,OAK,SLC,588,6,17,8,0,0,0,41
823,1,3,4,1678,N219WN,97,105,77,40,OAK,SLC,588,5,15,1,0,0,0,15
824,1,3,4,2282,N739GB,106,100,83,128,OAK,SLC,588,3,20,0,0,6,0,61
825,1,3,4,80,N422WN,90,80,64,24,OAK,SNA,371,4,22,0,0,10,0,7
826,1,3,4,83,N771SA,76,80,60,22,OAK,SNA,371,4,12,,,,,
827,1,3,4,105,N292WN,76,80,60,88,OAK,SNA,371,4,12,30,0,0,0,12
828,1,3,4,1854,N758SW,88,80,63,138,OAK,SNA,371,3,22,15,0,8,0,50
829,1,3,4,3766,N434WN,77,80,62,77,OAK,SNA,371,3,12,17,0,0,0,20
830,1,3,4,3402,N744SW,113,135,92,46,OAK,TUS,747,3,18,,,,,
831,1,3,4,128,N225WN,160,170,151,6,OKC,BWI,1180,3,6,,,,,
832,1,3,4,1760,N640SW,50,50,40,12,OKC,DAL,181,4,6,,,,,
833,1,3,4,2553,N394SW,51,50,39,21,OKC,DAL,181,4,8,,,,,
834,1,3,4,900,N679AA,97,95,81,78,OKC,DEN,495,8,8,11,0,2,0,27
835,1,3,4,449,N528SW,72,80,61,6,OKC,HOU,419,3,8,,,,,
836,1,3,4,1257,N507SW,69,80,60,137,OKC,HOU,419,2,7,5,0,0,0,58
837,1,3,4,354,N496WN,158,165,145,7,OKC,LAS,987,5,8,,,,,
838,1,3,4,1230,N677AA,63,65,50,36,OKC,MCI,313,4,9,0,0,0,0,17
839,1,3,4,303,N683SW,146,145,135,105,OKC,PHX,833,4,7,5,0,1,0,47
840,1,3,4,877,N362SW,142,145,132,113,OKC,PHX,833,4,6,3,0,0,0,52
841,1,3,4,86,N627SW,79,80,67,55,OKC,STL,462,5,7,16,0,0,0,11
842,1,3,4,484,N673AA,174,180,160,6,OMA,LAS,1099,4,10,,,,,
843,1,3,4,153,N658SW,90,80,64,136,OMA,MDW,423,19,7,0,0,10,0,63
844,1,3,4,566,N374SW,75,80,63,9,OMA,MDW,423,4,8,,,,,
845,1,3,4,1153,N440LV,75,80,63,211,OMA,MDW,423,4,8,1,0,0,0,102
846,1,3,4,1333,N334SW,81,80,67,33,OMA,MDW,423,6,8,5,0,1,0,11
847,1,3,4,3919,N205WN,80,80,61,190,OMA,MDW,423,6,13,0,0,0,0,95
848,1,3,4,242,N797MX,173,175,161,198,OMA,PHX,1037,5,7,11,0,0,0,87
849,1,3,4,555,N506SW,164,175,152,35,OMA,PHX,1037,5,7,,,,,
850,1,3,4,1069,N630WN,166,175,153,7,OMA,PHX,1037,4,9,,,,,
851,1,3,4,479,N622SW,59,65,49,124,OMA,STL,342,3,7,1,0,0,0,58
852,1,3,4,879,N495WN,208,220,197,42,ONT,BNA,1751,6,5,5,0,0,0,10
853,1,3,4,239,N660SW,64,60,39,60,ONT,LAS,197,19,6,4,0,4,0,24
854,1,3,4,564,N455WN,52,60,42,118,ONT,LAS,197,3,7,9,0,0,0,46
855,1,3,4,773,N472WN,58,60,41,104,ONT,LAS,197,4,13,0,0,33,0,18
856,1,3,4,812,N259WN,50,60,37,30,ONT,LAS,197,8,5,,,,,
857,1,3,4,1582,N318SW,58,60,41,18,ONT,LAS,197,4,13,,,,,
858,1,3,4,1583,N600WN,51,60,39,41,ONT,LAS,197,5,7,4,0,0,0,12
859,1,3,4,3746,N321SW,57,60,40,49,ONT,LAS,197,11,6,3,0,0,0,20
860,1,3,4,403,N432WN,70,75,62,19,ONT,OAK,361,4,4,,,,,
861,1,3,4,872,N337SW,79,75,67,22,ONT,OAK,361,4,8,,,,,
862,1,3,4,985,N328SW,77,75,68,134,ONT,OAK,361,4,5,14,0,2,0,52
863,1,3,4,1075,N636WN,76,75,68,81,ONT,OAK,361,2,6,0,0,1,0,40
864,1,3,4,1480,N292WN,82,75,71,57,ONT,OAK,361,3,8,0,0,7,0,25
865,1,3,4,2730,N273WN,72,75,62,75,ONT,OAK,361,3,7,4,0,0,0,32
866,1,3,4,3852,N654SW,83,75,69,36,ONT,OAK,361,4,10,0,0,8,0,14
867,1,3,4,780,N773SA,58,70,46,0,ONT,PHX,325,5,7,,,,,
868,1,3,4,835,N460WN,71,65,53,140,ONT,PHX,325,6,12,1,0,6,0,66
869,1,3,4,1424,N385SW,59,70,49,75,ONT,PHX,325,3,7,1,0,0,0,31
870,1,3,4,2458,N409WN,54,65,45,75,ONT,PHX,325,4,5,0,0,0,0,32
871,1,3,4,3509,N684WN,63,70,46,13,ONT,PHX,325,4,13,,,,,
872,1,3,4,3854,N480WN,55,70,47,13,ONT,PHX,325,3,5,,,,,
873,1,3,4,187,N690SW,72,70,55,38,ONT,SJC,333,8,9,2,0,2,0,16
874,1,3,4,906,N301SW,64,70,54,54,ONT,SJC,333,4,6,2,0,0,0,22
875,1,3,4,1670,N742SW,65,70,53,11,ONT,SJC,333,5,7,,,,,
876,1,3,4,2645,N788SA,65,70,55,91,ONT,SJC,333,4,6,20,0,0,0,23
877,1,3,4,3691,N257WN,83,70,58,101,ONT,SJC,333,11,14,0,0,13,0,44
878,1,3,4,551,N795SW,78,75,63,149,ONT,SMF,389,5,10,0,0,3,0,73
879,1,3,4,775,N633SW,75,80,62,31,ONT,SMF,389,5,8,,,,,
880,1,3,4,876,N212WN,71,75,57,12,ONT,SMF,389,5,9,,,,,
881,1,3,4,966,N345SA,71,80,61,37,ONT,SMF,389,4,6,,,,,
882,1,3,4,1679,N645SW,80,80,65,42,ONT,SMF,389,4,11,0,0,0,0,21
883,1,3,4,2105,N313SW,76,80,64,40,ONT,SMF,389,4,8,1,0,0,0,17
884,1,3,4,2901,N265WN,73,80,61,65,ONT,SMF,389,5,7,0,0,0,0,29
885,1,3,4,1320,N456WN,52,50,37,68,ORF,BWI,159,5,10,9,0,2,0,24
886,1,3,4,2362,N454WN,53,50,41,29,ORF,BWI,159,3,9,13,0,3,0,0
887,1,3,4,3604,N257WN,51,50,38,43,ORF,BWI,159,5,8,13,0,1,0,8
888,1,3,4,3679,N434WN,48,50,39,56,ORF,BWI,159,2,7,27,0,0,0,0
889,1,3,4,1574,N791SW,85,105,73,142,ORF,JAX,543,4,8,61,0,0,0,0
890,1,3,4,2019,N392SW,89,105,77,46,ORF,JAX,543,4,8,3,0,0,0,12
891,1,3,4,2363,N405WN,324,335,308,117,ORF,LAS,2155,7,9,41,0,0,0,12
892,1,3,4,1134,N391SW,118,125,98,115,ORF,MCO,655,6,14,1,0,0,0,53
893,1,3,4,1828,N785SW,107,125,93,14,ORF,MCO,655,5,9,,,,,
894,1,3,4,635,N729SW,139,140,114,11,ORF,MDW,704,7,18,,,,,
895,1,3,4,2729,N754SW,129,135,109,12,ORF,MDW,704,5,15,,,,,
896,1,3,4,48,N661SW,116,135,105,135,ORF,TPA,717,5,6,25,0,0,0,33
897,1,3,4,165,N749SW,134,140,122,98,PBI,BWI,883,3,9,18,0,0,0,28
898,1,3,4,1143,N459WN,137,145,121,66,PBI,BWI,883,6,10,6,0,0,0,23
899,1,3,4,1425,N237WN,159,155,144,60,PBI,ISP,1052,4,11,16,0,4,0,12
900,1,3,4,820,N388SW,152,155,139,23,PBI,PHL,951,2,11,,,,,
901,1,3,4,174,N340LV,48,50,36,12,PBI,TPA,174,3,9,,,,,
902,1,3,4,3686,N649SW,48,50,35,80,PBI,TPA,174,5,8,8,0,0,0,31
903,1,3,4,3425,N755SA,150,150,137,42,PDX,ABQ,1111,5,8,21,0,0,0,0
904,1,3,4,2377,N229WN,58,65,49,29,PDX,BOI,344,3,6,,,,,
905,1,3,4,2991,N378SW,60,60,49,44,PDX,BOI,344,3,8,15,0,0,0,7
906,1,3,4,957,N258WN,56,55,45,109,PDX,GEG,279,5,6,17,0,1,0,37
907,1,3,4,2121,N632SW,55,60,38,29,PDX,GEG,279,4,13,,,,,
908,1,3,4,3155,N449WN,50,60,39,74,PDX,GEG,279,4,7,23,0,0,0,9
909,1,3,4,86,N627SW,128,125,116,15,PDX,LAS,762,6,6,,,,,
910,1,3,4,874,N678AA,125,120,113,43,PDX,LAS,762,7,5,12,0,5,0,7
911,1,3,4,2186,N692SW,133,125,119,100,PDX,LAS,762,8,6,16,0,8,0,30
912,1,3,4,3070,N660SW,132,125,119,39,PDX,LAS,762,4,9,16,0,7,0,0
913,1,3,4,3228,N717SA,222,230,209,104,PDX,MDW,1751,6,7,20,0,0,0,28
914,1,3,4,447,N427WN,103,100,93,181,PDX,OAK,543,3,7,12,0,3,0,77
915,1,3,4,582,N629SW,100,105,88,135,PDX,OAK,543,5,7,55,0,0,0,10
916,1,3,4,753,N292WN,107,100,84,31,PDX,OAK,543,17,6,0,0,7,12,0
917,1,3,4,1585,N766SW,92,100,83,46,PDX,OAK,543,4,5,0,0,0,11,8
918,1,3,4,451,N619SW,151,150,137,29,PDX,PHX,1009,7,7,0,0,1,14,0
919,1,3,4,789,N328SW,141,150,131,131,PDX,PHX,1009,5,5,16,0,0,0,45
920,1,3,4,3419,N796SW,144,155,134,1,PDX,PHX,1009,3,7,,,,,
921,1,3,4,1939,N239WN,77,75,62,154,PDX,RNO,444,6,9,5,0,2,0,71
922,1,3,4,3513,N686SW,82,80,69,42,PDX,RNO,444,4,9,20,0,2,0,0
923,1,3,4,625,N619SW,116,105,102,99,PDX,SJC,569,5,9,1,0,11,0,43
924,1,3,4,2441,N344SW,111,105,100,82,PDX,SJC,569,5,6,9,0,6,0,29
925,1,3,4,2558,N337SW,113,105,101,42,PDX,SJC,569,5,7,5,0,8,0,12
926,1,3,4,159,N618WN,98,105,84,49,PDX,SLC,630,3,11,7,0,0,0,14
927,1,3,4,1756,N484WN,93,105,84,10,PDX,SLC,630,3,6,,,,,
928,1,3,4,2549,N622SW,98,105,87,27,PDX,SLC,630,4,7,,,,,
929,1,3,4,71,N312SW,93,85,82,26,PDX,SMF,479,4,7,9,0,8,0,0
930,1,3,4,505,N762SW,84,85,73,13,PDX,SMF,479,3,8,,,,,
931,1,3,4,1424,N385SW,91,85,79,40,PDX,SMF,479,4,8,13,0,6,0,4
932,1,3,4,2807,N344SW,86,85,72,281,PDX,SMF,479,4,10,3,0,1,0,137
933,1,3,4,2890,N660SW,87,85,71,86,PDX,SMF,479,6,10,0,0,2,0,42
934,1,3,4,3659,N321SW,90,85,79,43,PDX,SMF,479,5,6,7,0,5,0,12
935,1,3,4,3334,N635SW,125,150,101,-3,PHL,BNA,675,6,18,,,,,
936,1,3,4,3839,N421LV,117,150,96,-11,PHL,BNA,675,6,15,,,,,
937,1,3,4,384,N743SW,79,105,63,-12,PHL,CMH,405,5,11,,,,,
938,1,3,4,725,N259WN,82,100,64,10,PHL,CMH,405,3,15,,,,,
939,1,3,4,462,N363SW,155,185,144,10,PHL,FLL,992,2,9,,,,,
940,1,3,4,1589,N656SW,157,180,133,35,PHL,FLL,992,4,20,,,,,
941,1,3,4,1849,N677AA,140,185,126,37,PHL,FLL,992,6,8,,,,,
942,1,3,4,32,N370SW,202,240,188,38,PHL,HOU,1335,3,11,,,,,
943,1,3,4,1410,N614SW,205,240,186,29,PHL,HOU,1335,3,16,,,,,
944,1,3,4,1772,N665WN,115,140,98,19,PHL,JAX,742,4,13,,,,,
945,1,3,4,3316,N290WN,319,345,305,50,PHL,LAS,2176,5,9,,,,,
946,1,3,4,455,N346SW,136,160,116,130,PHL,MCO,861,8,12,18,0,0,0,35
947,1,3,4,687,N663SW,144,175,115,7,PHL,MCO,861,5,24,,,,,
948,1,3,4,907,N388SW,131,165,117,16,PHL,MCO,861,4,10,,,,,
949,1,3,4,2876,N209WN,136,165,117,45,PHL,MCO,861,3,16,,,,,
950,1,3,4,2995,N659SW,169,175,114,22,PHL,MCO,861,39,16,,,,,
951,1,3,4,201,N251WN,118,145,103,19,PHL,MDW,668,6,9,,,,,
952,1,3,4,370,N213WN,148,145,101,61,PHL,MDW,668,28,19,3,0,3,0,26
953,1,3,4,587,N435WN,122,145,104,31,PHL,MDW,668,5,13,,,,,
954,1,3,4,2199,N900WN,119,145,103,-4,PHL,MDW,668,4,12,,,,,
955,1,3,4,2979,N901WN,136,145,101,37,PHL,MDW,668,7,28,,,,,
956,1,3,4,3844,N446WN,120,135,103,23,PHL,MDW,668,7,10,,,,,
957,1,3,4,81,N482WN,87,80,60,19,PHL,MHT,290,3,24,,,,,
958,1,3,4,434,N604SW,80,70,58,98,PHL,MHT,290,3,19,11,0,10,0,33
959,1,3,4,548,N791SW,71,85,54,8,PHL,MHT,290,4,13,,,,,
960,1,3,4,1338,N237WN,142,175,123,57,PHL,PBI,951,6,13,,,,,
961,1,3,4,2379,N394SW,141,175,120,8,PHL,PBI,951,4,17,,,,,
962,1,3,4,262,N759GS,310,335,294,27,PHL,PHX,2075,8,8,,,,,
963,1,3,4,3240,N282WN,296,340,279,0,PHL,PHX,2075,6,11,,,,,
964,1,3,4,461,N791SW,56,75,43,107,PHL,PIT,267,5,8,0,0,0,0,44
965,1,3,4,1574,N791SW,63,75,46,136,PHL,PIT,267,6,11,0,0,0,0,62
966,1,3,4,2200,N350SW,60,80,46,36,PHL,PIT,267,6,8,,,,,
967,1,3,4,2560,N789SW,70,75,47,15,PHL,PIT,267,7,16,,,,,
968,1,3,4,2877,N347SW,65,80,47,31,PHL,PIT,267,5,13,,,,,
969,1,3,4,31,N793SA,61,65,43,74,PHL,PVD,238,5,13,2,0,0,0,33
970,1,3,4,476,N237WN,61,70,48,73,PHL,PVD,238,3,10,6,0,0,0,26
971,1,3,4,1236,N614SW,63,65,50,52,PHL,PVD,238,3,10,0,0,0,0,25
972,1,3,4,3493,N206WN,67,70,51,13,PHL,PVD,238,4,12,,,,,
973,1,3,4,312,N604SW,66,95,52,101,PHL,RDU,336,2,12,7,0,0,0,29
974,1,3,4,2293,N770SA,69,85,50,12,PHL,RDU,336,3,16,,,,,
975,1,3,4,2463,N771SA,74,100,60,30,PHL,RDU,336,2,12,,,,,
976,1,3,4,929,N521SW,147,175,129,62,PHL,TPA,920,5,13,3,0,0,0,14
977,1,3,4,998,N369SW,145,170,127,63,PHL,TPA,920,4,14,6,0,0,0,13
978,1,3,4,2985,N727SW,159,175,131,-4,PHL,TPA,920,5,23,,,,,
979,1,3,4,408,N610WN,55,60,42,75,PHX,ABQ,328,4,9,2,0,0,0,33
980,1,3,4,555,N506SW,58,60,41,64,PHX,ABQ,328,3,14,20,0,0,0,11
981,1,3,4,746,N637SW,57,65,41,154,PHX,ABQ,328,6,10,11,0,0,0,62
982,1,3,4,1241,N396SW,58,70,42,10,PHX,ABQ,328,4,12,,,,,
983,1,3,4,1415,N396SW,59,65,41,24,PHX,ABQ,328,5,13,,,,,
984,1,3,4,2374,N379SW,59,60,42,27,PHX,ABQ,328,3,14,,,,,
985,1,3,4,2614,N602SW,56,60,42,52,PHX,ABQ,328,3,11,5,0,0,0,19
986,1,3,4,154,N353SW,123,135,104,4,PHX,AUS,872,6,13,,,,,
987,1,3,4,780,N773SA,122,125,103,11,PHX,AUS,872,5,14,,,,,
988,1,3,4,3409,N519SW,123,130,105,35,PHX,AUS,872,5,13,,,,,
989,1,3,4,3949,N323SW,123,130,103,29,PHX,AUS,872,3,17,,,,,
990,1,3,4,1214,N431WN,171,185,158,30,PHX,BHM,1455,2,11,,,,,
991,1,3,4,109,N269WN,177,190,166,67,PHX,BNA,1448,4,7,3,0,0,0,24
992,1,3,4,891,N400WN,177,190,163,135,PHX,BNA,1448,3,11,7,0,0,0,54
993,1,3,4,1058,N202WN,189,195,165,46,PHX,BNA,1448,7,17,4,0,0,0,16
994,1,3,4,496,N437WN,238,250,221,0,PHX,BUF,1912,3,14,,,,,
995,1,3,4,10,N684WN,90,85,74,159,PHX,BUR,369,2,14,0,0,5,0,77
996,1,3,4,734,N343SW,84,80,72,20,PHX,BUR,369,2,10,,,,,
997,1,3,4,806,N711HK,86,80,70,98,PHX,BUR,369,3,13,0,0,6,0,46
998,1,3,4,921,N430WN,82,80,70,118,PHX,BUR,369,2,10,0,0,3,0,57
999,1,3,4,957,N344SW,90,90,70,52,PHX,BUR,369,3,17,1,0,0,0,25
1000,1,3,4,2613,N219WN,84,85,71,15,PHX,BUR,369,4,9,,,,,
1001,1,3,4,2871,N709SW,76,85,69,35,PHX,BUR,369,2,5,,,,,
1002,1,3,4,3323,N718SW,83,80,71,163,PHX,BUR,369,2,10,10,0,3,0,70
1003,1,3,4,236,N735SA,251,260,231,25,PHX,BWI,1999,5,15,,,,,
1004,1,3,4,1155,N288WN,251,250,233,27,PHX,BWI,1999,4,14,,,,,
1005,1,3,4,1686,N207WN,243,250,230,69,PHX,BWI,1999,4,9,0,0,0,5,26
1006,1,3,4,2103,N291WN,210,215,194,31,PHX,CMH,1671,5,11,,,,,
1007,1,3,4,964,N362SW,95,105,78,150,PHX,DEN,602,6,11,22,0,0,0,48
1008,1,3,4,2039,N606SW,102,105,77,15,PHX,DEN,602,11,14,,,,,
1009,1,3,4,2786,N278WN,104,100,88,20,PHX,DEN,602,8,8,,,,,
1010,1,3,4,3669,N615SW,88,105,76,21,PHX,DEN,602,6,6,,,,,
1011,1,3,4,1428,N412WN,232,230,210,30,PHX,DTW,1671,7,15,10,0,2,0,4
1012,1,3,4,116,N310SW,69,65,50,56,PHX,ELP,347,4,15,11,0,4,0,15
1013,1,3,4,481,N413WN,54,65,44,59,PHX,ELP,347,3,7,5,0,0,0,19
1014,1,3,4,1506,N737JW,62,65,48,27,PHX,ELP,347,3,11,,,,,
1015,1,3,4,1745,N753SW,58,65,46,9,PHX,ELP,347,3,9,,,,,
1016,1,3,4,3140,N418WN,60,65,45,99,PHX,ELP,347,5,10,43,0,0,0,4
1017,1,3,4,342,N246LV,136,150,121,0,PHX,HOU,1020,4,11,,,,,
1018,1,3,4,933,N214WN,153,145,118,74,PHX,HOU,1020,24,11,30,0,8,0,3
1019,1,3,4,2268,N607SW,130,140,121,252,PHX,HOU,1020,3,6,10,0,0,0,111
1020,1,3,4,3317,N728SW,139,155,126,2,PHX,HOU,1020,3,10,,,,,
1021,1,3,4,1034,N420WN,191,210,172,15,PHX,IND,1489,10,9,,,,,
1022,1,3,4,2726,N777QC,196,200,170,70,PHX,IND,1489,8,18,6,0,0,0,27
1023,1,3,4,538,N619SW,60,60,45,44,PHX,LAS,256,7,8,7,0,0,0,15
1024,1,3,4,619,N491WN,67,70,48,21,PHX,LAS,256,5,14,,,,,
1025,1,3,4,675,N286WN,61,65,44,28,PHX,LAS,256,7,10,,,,,
1026,1,3,4,700,N678AA,56,65,45,37,PHX,LAS,256,4,7,,,,,
1027,1,3,4,875,N217JC,77,60,42,81,PHX,LAS,256,27,8,31,0,17,0,1
1028,1,3,4,984,N449WN,61,70,44,47,PHX,LAS,256,5,12,19,0,0,0,0
1029,1,3,4,998,N369SW,56,65,43,73,PHX,LAS,256,7,6,11,0,0,0,21
1030,1,3,4,2030,N725SW,56,60,44,20,PHX,LAS,256,4,8,,,,,
1031,1,3,4,3061,N447WN,55,65,44,26,PHX,LAS,256,6,5,,,,,
1032,1,3,4,169,N550WN,80,80,62,78,PHX,LAX,370,5,13,1,0,0,0,38
1033,1,3,4,232,N740SW,89,80,63,25,PHX,LAX,370,8,18,8,0,9,0,0
1034,1,3,4,303,N683SW,81,80,64,117,PHX,LAX,370,7,10,0,0,6,0,53
1035,1,3,4,343,N687SW,90,80,63,60,PHX,LAX,370,20,7,10,0,10,0,15
1036,1,3,4,769,N608SW,97,85,70,24,PHX,LAX,370,13,14,0,0,12,5,1
1037,1,3,4,1033,N757LV,80,85,60,51,PHX,LAX,370,15,5,23,0,0,0,0
1038,1,3,4,2359,N385SW,86,80,63,100,PHX,LAX,370,6,17,27,0,6,0,20
1039,1,3,4,2360,N618WN,90,80,65,22,PHX,LAX,370,6,19,6,0,10,0,0
1040,1,3,4,2639,N693SW,78,80,63,14,PHX,LAX,370,7,8,,,,,
1041,1,3,4,2812,N671SW,89,80,63,77,PHX,LAX,370,4,22,22,0,9,0,12
1042,1,3,4,753,N248WN,142,155,124,17,PHX,LIT,1136,5,13,,,,,
1043,1,3,4,84,N669SW,135,150,122,1,PHX,MCI,1044,4,9,,,,,
1044,1,3,4,835,N460WN,133,150,116,153,PHX,MCI,1044,5,12,9,0,0,0,59
1045,1,3,4,1006,N628SW,137,150,125,11,PHX,MCI,1044,4,8,,,,,
1046,1,3,4,349,N759GS,173,195,160,8,PHX,MDW,1444,5,8,,,,,
1047,1,3,4,1566,N498WN,181,200,163,13,PHX,MDW,1444,7,11,,,,,
1048,1,3,4,1667,N243WN,188,205,170,45,PHX,MDW,1444,5,13,,,,,
1049,1,3,4,1929,N723SW,180,200,164,42,PHX,MDW,1444,5,11,,,,,
1050,1,3,4,2474,N776WN,184,205,168,-9,PHX,MDW,1444,7,9,,,,,
1051,1,3,4,2703,N734SA,186,200,173,14,PHX,MDW,1444,6,7,,,,,
1052,1,3,4,3598,N790SW,284,285,258,23,PHX,MHT,2279,3,23,,,,,
1053,1,3,4,357,N682SW,135,125,117,126,PHX,OAK,646,3,15,0,0,10,0,58
1054,1,3,4,2336,N487WN,124,120,110,80,PHX,OAK,646,4,10,18,0,4,0,20
1055,1,3,4,2646,N647SW,125,130,110,31,PHX,OAK,646,5,10,,,,,
1056,1,3,4,3240,N282WN,133,125,114,22,PHX,OAK,646,5,14,7,0,8,0,0
1057,1,3,4,3492,N772SW,128,120,108,126,PHX,OAK,646,6,14,26,0,8,0,33
1058,1,3,4,282,N338SW,108,125,99,141,PHX,OKC,833,3,6,0,0,0,0,62
1059,1,3,4,316,N797MX,135,145,120,188,PHX,OMA,1037,2,13,6,0,0,0,83
1060,1,3,4,559,N603SW,131,145,121,74,PHX,OMA,1037,2,8,16,0,0,0,14
1061,1,3,4,1333,N334SW,142,150,128,30,PHX,OMA,1037,3,11,,,,,
1062,1,3,4,508,N455WN,72,65,54,99,PHX,ONT,325,3,15,3,0,7,0,43
1063,1,3,4,616,N495WN,76,80,53,40,PHX,ONT,325,5,18,13,0,0,0,5
1064,1,3,4,876,N212WN,72,80,53,14,PHX,ONT,325,5,14,,,,,
1065,1,3,4,966,N345SA,71,70,58,47,PHX,ONT,325,4,9,0,0,1,0,23
1066,1,3,4,1679,N645SW,68,70,55,48,PHX,ONT,325,3,10,19,0,0,0,4
1067,1,3,4,2369,N739GB,72,70,57,184,PHX,ONT,325,4,11,12,0,2,0,79
1068,1,3,4,3422,N684WN,67,75,54,24,PHX,ONT,325,3,10,,,,,
1069,1,3,4,3691,N257WN,72,70,54,92,PHX,ONT,325,8,10,8,0,2,0,37
1070,1,3,4,364,N619SW,161,185,145,-10,PHX,PDX,1009,3,13,,,,,
1071,1,3,4,1012,N378SW,152,175,141,37,PHX,PDX,1009,3,8,,,,,
1072,1,3,4,1484,N242WN,150,175,139,127,PHX,PDX,1009,3,8,5,0,0,0,46
1073,1,3,4,175,N759GS,252,260,236,34,PHX,PHL,2075,4,12,,,,,
1074,1,3,4,287,N747SA,256,260,235,36,PHX,PHL,2075,6,15,14,0,0,0,2
1075,1,3,4,3657,N260WN,230,235,207,19,PHX,PIT,1813,6,17,,,,,
1076,1,3,4,489,N279WN,102,110,86,158,PHX,RNO,601,4,12,5,0,0,0,70
1077,1,3,4,736,N342SW,112,110,87,30,PHX,RNO,601,4,21,14,0,2,0,0
1078,1,3,4,1144,N684WN,106,115,87,13,PHX,RNO,601,4,15,,,,,
1079,1,3,4,123,N287WN,69,65,51,30,PHX,SAN,304,9,9,4,0,4,0,9
1080,1,3,4,242,N797MX,73,65,58,210,PHX,SAN,304,3,12,3,0,8,0,98
1081,1,3,4,381,N398SW,60,65,51,111,PHX,SAN,304,4,5,8,0,0,0,45
1082,1,3,4,458,N203WN,64,65,52,41,PHX,SAN,304,3,9,11,0,0,0,9
1083,1,3,4,1010,N744SW,68,75,54,43,PHX,SAN,304,3,11,18,0,0,0,0
1084,1,3,4,1069,N630WN,65,70,53,17,PHX,SAN,304,2,10,,,,,
1085,1,3,4,1511,N263WN,85,65,66,98,PHX,SAN,304,3,16,37,0,20,0,2
1086,1,3,4,1600,N769SW,74,65,61,229,PHX,SAN,304,3,10,0,0,9,0,110
1087,1,3,4,1855,N797MX,62,70,51,10,PHX,SAN,304,2,9,,,,,
1088,1,3,4,2442,N453WN,72,65,56,21,PHX,SAN,304,3,13,,,,,
1089,1,3,4,3839,N421LV,67,65,57,126,PHX,SAN,304,2,8,0,0,2,0,62
1090,1,3,4,327,N665WN,119,120,102,25,PHX,SAT,843,3,14,,,,,
1091,1,3,4,796,N428WN,105,120,97,169,PHX,SAT,843,2,6,33,0,0,0,44
1092,1,3,4,2015,N792SW,107,120,97,79,PHX,SAT,843,3,7,8,0,0,0,25
1093,1,3,4,3168,N513SW,116,125,103,53,PHX,SAT,843,2,11,9,0,0,0,13
1094,1,3,4,754,N250WN,172,195,156,9,PHX,SEA,1107,5,11,,,,,
1095,1,3,4,1481,N227WN,178,195,150,-1,PHX,SEA,1107,5,23,,,,,
1096,1,3,4,2361,N348SW,183,190,159,43,PHX,SEA,1107,4,20,2,0,0,0,16
1097,1,3,4,160,N783SW,115,115,96,46,PHX,SJC,621,13,6,0,0,2,0,21
1098,1,3,4,502,N359SW,129,125,109,22,PHX,SJC,621,4,16,,,,,
1099,1,3,4,2094,N395SW,115,115,102,178,PHX,SJC,621,4,9,13,0,0,0,76
1100,1,3,4,320,N345SA,83,95,70,44,PHX,SLC,507,4,9,1,0,0,0,15
1101,1,3,4,410,N327SW,87,95,73,52,PHX,SLC,507,3,11,7,0,0,0,15
1102,1,3,4,980,N711HK,84,90,71,110,PHX,SLC,507,4,9,4,0,0,0,48
1103,1,3,4,1022,N655WN,88,95,72,51,PHX,SLC,507,3,13,8,0,0,0,14
1104,1,3,4,1041,N474WN,90,100,73,64,PHX,SLC,507,6,11,27,0,0,0,0
1105,1,3,4,1684,N429WN,91,95,74,72,PHX,SLC,507,9,8,0,0,0,0,34
1106,1,3,4,207,N398SW,131,130,108,23,PHX,SMF,647,6,17,,,,,
1107,1,3,4,877,N362SW,113,120,103,103,PHX,SMF,647,3,7,0,0,0,0,48
1108,1,3,4,1309,N304SW,114,120,101,194,PHX,SMF,647,5,8,0,0,0,0,94
1109,1,3,4,2453,N662SW,119,120,96,29,PHX,SMF,647,4,19,,,,,
1110,1,3,4,3941,N480WN,112,120,98,18,PHX,SMF,647,4,10,,,,,
1111,1,3,4,259,N270WN,94,80,58,40,PHX,SNA,338,10,26,4,0,14,0,9
1112,1,3,4,1413,N706SW,74,75,59,61,PHX,SNA,338,4,11,9,0,0,0,21
1113,1,3,4,2707,N468WN,71,70,57,19,PHX,SNA,338,4,10,,,,,
1114,1,3,4,3501,N732SW,71,75,57,50,PHX,SNA,338,4,10,4,0,0,0,19
1115,1,3,4,868,N389SW,161,170,147,3,PHX,STL,1262,4,10,,,,,
1116,1,3,4,958,N728SW,155,175,140,16,PHX,STL,1262,6,9,,,,,
1117,1,3,4,243,N228WN,228,235,203,29,PHX,TPA,1788,13,12,,,,,
1118,1,3,4,504,N704SW,112,135,104,151,PHX,TUL,935,2,6,63,0,0,0,1
1119,1,3,4,627,N320SW,122,135,110,15,PHX,TUL,935,3,9,,,,,
1120,1,3,4,1414,N402WN,54,55,45,35,PIT,BWI,210,3,6,6,0,0,0,11
1121,1,3,4,3657,N260WN,52,55,40,19,PIT,BWI,210,4,8,,,,,
1122,1,3,4,94,N715SW,281,295,268,36,PIT,LAS,1910,4,9,,,,,
1123,1,3,4,3592,N406WN,132,135,115,71,PIT,MCO,834,3,14,0,0,0,0,34
1124,1,3,4,490,N651SW,80,95,65,61,PIT,MDW,402,6,9,2,0,0,0,21
1125,1,3,4,921,N430WN,80,85,64,33,PIT,MDW,402,5,11,,,,,
1126,1,3,4,2361,N348SW,76,90,63,18,PIT,MDW,402,6,7,,,,,
1127,1,3,4,3336,N208WN,79,90,61,73,PIT,MDW,402,10,8,0,0,0,0,31
1128,1,3,4,3501,N732SW,81,95,66,4,PIT,MDW,402,5,10,,,,,
1129,1,3,4,374,N791SW,86,75,62,119,PIT,PHL,267,7,17,0,0,11,0,54
1130,1,3,4,548,N791SW,67,95,55,42,PIT,PHL,267,5,7,,,,,
1131,1,3,4,1236,N614SW,78,70,53,46,PIT,PHL,267,7,18,0,0,8,0,19
1132,1,3,4,458,N203WN,266,290,251,42,PIT,PHX,1813,8,7,,,,,
1133,1,3,4,107,N672SW,127,155,116,36,PIT,TPA,873,5,6,,,,,
1134,1,3,4,1151,N386SW,137,165,124,22,PVD,BNA,907,5,8,,,,,
1135,1,3,4,421,N746SW,64,80,52,16,PVD,BWI,328,3,9,,,,,
1136,1,3,4,983,N223WN,62,75,50,13,PVD,BWI,328,4,8,,,,,
1137,1,3,4,1062,N380SW,70,80,53,24,PVD,BWI,328,4,13,,,,,
1138,1,3,4,1154,N371SW,65,80,55,49,PVD,BWI,328,3,7,0,0,0,0,17
1139,1,3,4,1161,N705SW,66,75,56,7,PVD,BWI,328,3,7,,,,,
1140,1,3,4,2031,N699SW,77,80,60,23,PVD,BWI,328,5,12,,,,,
1141,1,3,4,2034,N701GS,74,80,57,12,PVD,BWI,328,4,13,,,,,
1142,1,3,4,2795,N266WN,68,75,56,41,PVD,BWI,328,3,9,6,0,0,0,11
1143,1,3,4,2988,N208WN,167,210,151,-1,PVD,FLL,1188,6,10,,,,,
1144,1,3,4,3423,N298WN,332,370,318,-4,PVD,LAS,2363,5,9,,,,,
1145,1,3,4,186,N438WN,159,190,145,19,PVD,MCO,1073,6,8,,,,,
1146,1,3,4,499,N621SW,158,190,143,50,PVD,MCO,1073,7,8,,,,,
1147,1,3,4,1030,N439WN,163,185,145,-10,PVD,MCO,1073,8,10,,,,,
1148,1,3,4,2368,N786SW,155,185,142,-8,PVD,MCO,1073,5,8,,,,,
1149,1,3,4,2451,N228WN,163,180,147,7,PVD,MCO,1073,8,8,,,,,
1150,1,3,4,3134,N355SW,164,185,142,35,PVD,MCO,1073,8,14,,,,,
1151,1,3,4,118,N299WN,141,160,122,9,PVD,MDW,842,5,14,,,,,
1152,1,3,4,299,N718SW,135,160,123,23,PVD,MDW,842,5,7,,,,,
1153,1,3,4,393,N417WN,150,160,125,6,PVD,MDW,842,18,7,,,,,
1154,1,3,4,3841,N280WN,143,160,124,-1,PVD,MDW,842,10,9,,,,,
1155,1,3,4,723,N648SW,59,75,49,0,PVD,PHL,238,3,7,,,,,
1156,1,3,4,1338,N237WN,62,80,49,92,PVD,PHL,238,5,8,0,0,16,0,21
1157,1,3,4,1410,N614SW,68,90,55,52,PVD,PHL,238,7,6,5,0,0,0,10
1158,1,3,4,2731,N339SW,59,80,48,11,PVD,PHL,238,4,7,,,,,
1159,1,3,4,3061,N447WN,337,355,324,34,PVD,PHX,2277,5,8,,,,,
1160,1,3,4,77,N330SW,165,195,151,-10,PVD,TPA,1137,4,10,,,,,
1161,1,3,4,3405,N772SW,171,195,157,22,PVD,TPA,1137,5,9,,,,,
1162,1,3,4,3580,N206WN,174,195,157,-9,PVD,TPA,1137,5,12,,,,,
1163,1,3,4,312,N604SW,82,95,69,59,RDU,BNA,443,6,7,0,0,0,0,23
1164,1,3,4,2463,N771SA,81,95,68,4,RDU,BNA,443,6,7,,,,,
1165,1,3,4,2821,N218WN,94,95,70,39,RDU,BNA,443,13,11,8,0,0,0,11
1166,1,3,4,269,N325SW,61,60,45,109,RDU,BWI,255,3,13,0,0,1,0,54
1167,1,3,4,1516,N657SW,54,60,43,26,RDU,BWI,255,3,8,,,,,
1168,1,3,4,2621,N266WN,58,55,48,19,RDU,BWI,255,4,6,,,,,
1169,1,3,4,1414,N402WN,93,105,80,24,RDU,MCO,534,6,7,,,,,
1170,1,3,4,3046,N638SW,95,105,79,36,RDU,MCO,534,5,11,,,,,
1171,1,3,4,3499,N204WN,94,100,78,44,RDU,MCO,534,7,9,0,0,0,0,19
1172,1,3,4,1076,N411WN,119,125,103,58,RDU,MDW,632,7,9,2,0,0,0,24
1173,1,3,4,1402,N675AA,125,125,108,30,RDU,MDW,632,8,9,6,0,0,0,9
1174,1,3,4,144,N421LV,73,75,58,10,RDU,PHL,336,6,9,,,,,
1175,1,3,4,201,N251WN,73,75,57,34,RDU,PHL,336,9,7,0,0,0,0,16
1176,1,3,4,882,N774SW,65,75,54,52,RDU,PHL,336,4,7,1,0,0,0,20
1177,1,3,4,1502,N656SW,76,85,60,45,RDU,PHL,336,6,10,3,0,0,0,15
1178,1,3,4,221,N269WN,278,305,265,-9,RDU,PHX,1891,6,7,,,,,
1179,1,3,4,2634,N448WN,102,110,86,30,RDU,TPA,587,5,11,,,,,
1180,1,3,4,3266,N698SW,102,115,87,113,RDU,TPA,587,4,11,50,0,0,0,0
1181,1,3,4,239,N267WN,60,65,48,77,RNO,BOI,335,2,10,5,0,0,0,31
1182,1,3,4,3589,N601WN,56,65,47,93,RNO,BOI,335,2,7,1,0,0,0,41
1183,1,3,4,120,N277WN,65,75,54,4,RNO,LAS,345,5,6,,,,,
1184,1,3,4,380,N444WN,67,70,57,27,RNO,LAS,345,3,7,,,,,
1185,1,3,4,637,N342SW,70,70,54,60,RNO,LAS,345,6,10,14,0,0,0,16
1186,1,3,4,708,N286WN,71,70,53,57,RNO,LAS,345,7,11,13,0,1,0,15
1187,1,3,4,1017,N337SW,65,70,54,75,RNO,LAS,345,4,7,1,0,0,0,34
1188,1,3,4,1027,N230WN,89,75,53,30,RNO,LAS,345,23,13,6,0,14,0,2
1189,1,3,4,1072,N752SW,72,70,57,190,RNO,LAS,345,4,11,5,0,2,0,89
1190,1,3,4,1403,N258WN,65,70,54,93,RNO,LAS,345,4,7,0,0,0,0,44
1191,1,3,4,2018,N313SW,73,70,54,33,RNO,LAS,345,7,12,15,0,3,0,0
1192,1,3,4,2113,N350SW,72,70,58,20,RNO,LAS,345,8,6,,,,,
1193,1,3,4,3517,N487WN,70,70,57,48,RNO,LAS,345,4,9,2,0,0,0,22
1194,1,3,4,397,N424WN,75,80,62,35,RNO,LAX,390,7,6,8,0,0,0,7
1195,1,3,4,520,N283WN,82,85,64,61,RNO,LAX,390,9,9,17,0,0,0,12
1196,1,3,4,324,N253WN,216,230,200,-2,RNO,MDW,1680,6,10,,,,,
1197,1,3,4,891,N400WN,57,55,44,104,RNO,OAK,180,5,8,17,0,2,0,34
1198,1,3,4,2719,N466WN,60,55,41,55,RNO,OAK,180,5,14,0,0,5,0,25
1199,1,3,4,2732,N788SA,64,55,46,139,RNO,OAK,180,4,14,0,0,36,0,38
1200,1,3,4,1511,N263WN,81,90,64,75,RNO,PDX,444,11,6,0,0,0,0,33
1201,1,3,4,2360,N618WN,83,90,70,45,RNO,PDX,444,4,9,10,0,0,0,9
1202,1,3,4,796,N428WN,100,100,83,106,RNO,PHX,601,5,12,21,0,0,0,32
1203,1,3,4,1006,N628SW,97,100,86,27,RNO,PHX,601,4,7,,,,,
1204,1,3,4,1231,N684WN,93,100,83,21,RNO,PHX,601,4,6,,,,,
1205,1,3,4,3513,N686SW,89,110,77,71,RNO,SAN,488,2,10,13,0,0,0,12
1206,1,3,4,3835,N610WN,96,110,85,52,RNO,SEA,564,4,7,9,0,0,0,10
1207,1,3,4,298,N450WN,72,60,55,64,RNO,SJC,188,6,11,7,0,12,0,19
1208,1,3,4,1002,N745SW,69,60,57,21,RNO,SJC,188,3,9,4,0,9,0,2
1209,1,3,4,1276,N265WN,59,60,46,101,RNO,SJC,188,5,8,7,0,0,0,43
1210,1,3,4,2969,N642WN,72,80,61,54,RNO,SLC,422,3,8,10,0,0,0,13
1211,1,3,4,1830,N390SW,146,140,128,66,RSW,BWI,919,6,12,11,0,6,0,19
1212,1,3,4,3047,N355SW,141,140,131,49,RSW,BWI,919,3,7,9,0,1,0,15
1213,1,3,4,3485,N707SA,154,160,144,24,RSW,ISP,1101,4,6,,,,,
1214,1,3,4,630,N786SW,40,50,28,20,RSW,MCO,133,7,5,,,,,
1215,1,3,4,3587,N374SW,200,175,161,293,RSW,MDW,1105,33,6,2,0,25,0,132
1216,1,3,4,294,N398SW,90,100,76,68,SAN,ABQ,628,6,8,11,0,0,0,18
1217,1,3,4,1255,N361SW,83,100,72,61,SAN,ABQ,628,4,7,2,0,0,0,20
1218,1,3,4,2529,N453WN,145,160,133,49,SAN,AUS,1164,5,7,9,0,0,0,8
1219,1,3,4,179,N226WN,209,220,197,43,SAN,BNA,1751,4,8,8,0,0,0,8
1220,1,3,4,505,N762SW,282,285,265,11,SAN,BWI,2295,4,13,,,,,
1221,1,3,4,1156,N630WN,93,100,79,153,SAN,ELP,636,4,10,1,0,0,0,72
1222,1,3,4,588,N240WN,168,175,150,7,SAN,HOU,1312,6,12,,,,,
1223,1,3,4,156,N466WN,64,70,49,92,SAN,LAS,258,6,9,4,0,0,0,39
1224,1,3,4,213,N302SW,74,70,53,26,SAN,LAS,258,11,10,1,0,4,0,10
1225,1,3,4,415,N395SW,64,70,52,192,SAN,LAS,258,5,7,90,0,0,0,3
1226,1,3,4,719,N414WN,66,70,48,66,SAN,LAS,258,6,12,1,0,0,0,30
1227,1,3,4,802,N902WN,64,70,51,30,SAN,LAS,258,4,9,,,,,
1228,1,3,4,2273,N692SW,61,70,48,127,SAN,LAS,258,3,10,3,0,0,0,56
1229,1,3,4,2450,N405WN,62,70,49,158,SAN,LAS,258,4,9,0,0,10,0,65
1230,1,3,4,2816,N754SW,60,70,48,110,SAN,LAS,258,5,7,0,0,0,0,50
1231,1,3,4,3835,N610WN,76,75,53,23,SAN,LAS,258,3,20,,,,,
1232,1,3,4,283,N213WN,181,185,157,102,SAN,MCI,1333,4,20,0,0,13,0,36
1233,1,3,4,318,N474WN,167,180,150,71,SAN,MCI,1333,3,14,0,0,0,0,29
1234,1,3,4,378,N726SW,220,230,202,4,SAN,MDW,1728,8,10,,,,,
1235,1,3,4,3065,N750SA,207,225,191,120,SAN,MDW,1728,9,7,5,0,0,0,46
1236,1,3,4,3510,N298WN,223,235,199,0,SAN,MDW,1728,16,8,,,,,
1237,1,3,4,3662,N492WN,206,230,189,316,SAN,MDW,1728,6,11,3,0,0,0,143
1238,1,3,4,78,N473WN,90,85,76,77,SAN,OAK,446,4,10,9,0,5,0,27
1239,1,3,4,644,N423WN,114,90,80,124,SAN,OAK,446,5,29,0,0,27,0,47
1240,1,3,4,687,N663SW,87,90,73,25,SAN,OAK,446,4,10,,,,,
1241,1,3,4,783,N306SW,96,90,77,48,SAN,OAK,446,3,16,12,0,6,0,9
1242,1,3,4,1071,N315SW,92,85,78,53,SAN,OAK,446,10,4,3,0,7,0,20
1243,1,3,4,1112,N795SW,89,85,78,36,SAN,OAK,446,3,8,16,0,4,0,0
1244,1,3,4,1172,N221WN,96,90,80,32,SAN,OAK,446,4,12,3,0,6,0,10
1245,1,3,4,1179,N384SW,122,85,78,49,SAN,OAK,446,34,10,0,0,37,0,6
1246,1,3,4,1599,N207WN,97,90,74,63,SAN,OAK,446,4,19,24,0,7,0,4
1247,1,3,4,2971,N795SW,105,90,78,87,SAN,OAK,446,14,13,0,0,18,0,33
1248,1,3,4,3503,N633SW,88,90,74,10,SAN,OAK,446,4,10,,,,,
1249,1,3,4,3679,N434WN,89,90,74,45,SAN,OAK,446,3,12,8,0,0,0,14
1250,1,3,4,114,N343SW,63,70,51,15,SAN,PHX,304,5,7,,,,,
1251,1,3,4,316,N797MX,60,70,46,194,SAN,PHX,304,4,10,0,0,0,0,92
1252,1,3,4,410,N327SW,68,70,48,44,SAN,PHX,304,5,15,0,0,0,0,21
1253,1,3,4,943,N609SW,61,65,45,18,SAN,PHX,304,5,11,,,,,
1254,1,3,4,1022,N655WN,66,70,44,42,SAN,PHX,304,3,19,9,0,0,0,10
1255,1,3,4,1684,N429WN,55,70,43,93,SAN,PHX,304,5,7,0,0,0,0,39
1256,1,3,4,2268,N607SW,78,75,52,237,SAN,PHX,304,9,17,11,0,3,0,106
1257,1,3,4,2703,N734SA,59,70,44,27,SAN,PHX,304,6,9,,,,,
1258,1,3,4,3669,N615SW,61,70,46,45,SAN,PHX,304,6,9,0,0,0,0,18
1259,1,3,4,530,N229WN,75,100,65,-9,SAN,RNO,488,4,6,,,,,
1260,1,3,4,1511,N263WN,79,100,66,111,SAN,RNO,488,4,9,5,0,0,0,40
1261,1,3,4,123,N287WN,98,100,85,310,SAN,SFO,447,3,10,0,0,137,0,17
1262,1,3,4,381,N398SW,102,100,85,106,SAN,SFO,447,5,12,0,0,2,0,52
1263,1,3,4,458,N203WN,89,100,75,147,SAN,SFO,447,3,11,0,0,51,0,17
1264,1,3,4,585,N245WN,86,100,71,84,SAN,SFO,447,4,11,0,0,23,0,12
1265,1,3,4,1597,N429WN,107,100,78,63,SAN,SFO,447,21,8,0,0,12,0,23
1266,1,3,4,1855,N797MX,83,100,74,211,SAN,SFO,447,3,6,0,0,96,0,1
1267,1,3,4,3839,N421LV,95,100,81,227,SAN,SFO,447,5,9,0,0,50,0,61
1268,1,3,4,392,N773SA,72,80,60,8,SAN,SJC,417,4,8,,,,,
1269,1,3,4,635,N729SW,96,85,65,113,SAN,SJC,417,11,20,7,0,11,0,44
1270,1,3,4,1188,N254WN,81,80,62,55,SAN,SJC,417,9,10,0,0,1,0,27
1271,1,3,4,1209,N653SW,77,80,63,31,SAN,SJC,417,3,11,,,,,
1272,1,3,4,1482,N391SW,78,80,66,132,SAN,SJC,417,6,6,6,0,0,0,59
1273,1,3,4,1600,N769SW,75,80,64,231,SAN,SJC,417,4,7,0,0,0,0,113
1274,1,3,4,2965,N359SW,80,80,63,32,SAN,SJC,417,4,13,0,0,0,0,16
1275,1,3,4,66,N606SW,83,95,68,2,SAN,SMF,480,4,11,,,,,
1276,1,3,4,72,N633SW,88,95,72,21,SAN,SMF,480,6,10,,,,,
1277,1,3,4,299,N718SW,108,90,75,126,SAN,SMF,480,6,27,0,0,18,0,54
1278,1,3,4,372,N270WN,88,90,71,30,SAN,SMF,480,4,13,,,,,
1279,1,3,4,574,N314SW,84,95,70,167,SAN,SMF,480,3,11,0,0,0,0,78
1280,1,3,4,1010,N744SW,90,95,71,37,SAN,SMF,480,5,14,2,0,0,0,14
1281,1,3,4,1069,N630WN,,95,,7,SAN,SMF,480,,12,,,,,
1282,1,3,4,1320,N456WN,82,90,70,88,SAN,SMF,480,4,8,1,0,0,0,39
1283,1,3,4,2298,N338SW,87,95,68,12,SAN,SMF,480,3,16,,,,,
1284,1,3,4,3600,N686SW,84,95,71,47,SAN,SMF,480,5,8,2,0,0,0,16
1285,1,3,4,3673,N729SW,91,95,71,96,SAN,SMF,480,5,15,46,0,0,0,0
1286,1,3,4,98,N384SW,63,70,52,53,SAN,TUS,367,3,8,0,0,0,0,23
1287,1,3,4,580,N301SW,61,70,51,55,SAN,TUS,367,3,7,2,0,0,0,21
1288,1,3,4,2113,N350SW,126,125,107,15,SAT,BNA,822,6,13,,,,,
1289,1,3,4,3419,N796SW,189,185,174,26,SAT,BWI,1407,5,10,4,0,4,0,7
1290,1,3,4,120,N277WN,53,55,42,40,SAT,DAL,248,3,8,19,0,0,0,0
1291,1,3,4,572,N289CT,55,55,42,36,SAT,DAL,248,4,9,1,0,0,0,17
1292,1,3,4,2023,N295WN,59,55,43,90,SAT,DAL,248,4,12,0,0,4,0,43
1293,1,3,4,2353,N687SW,59,55,43,54,SAT,DAL,248,3,13,25,0,4,0,0
1294,1,3,4,2624,N693SW,72,55,44,29,SAT,DAL,248,16,12,6,0,17,0,0
1295,1,3,4,2906,N794SW,53,55,41,24,SAT,DAL,248,4,8,,,,,
1296,1,3,4,3168,N513SW,61,55,44,36,SAT,DAL,248,4,13,0,0,6,0,15
1297,1,3,4,3508,N527SW,58,55,45,109,SAT,DAL,248,3,10,0,0,3,0,53
1298,1,3,4,186,N799SW,88,90,75,228,SAT,ELP,496,3,10,0,0,0,0,113
1299,1,3,4,511,N272WN,87,90,76,49,SAT,ELP,496,2,9,20,0,0,0,3
1300,1,3,4,1414,N402WN,85,90,73,7,SAT,ELP,496,4,8,,,,,
